{"customer_id": "C5", "basket": [{"product_id": "P38", "price": 1890}, {"product_id": "P35", "price": 1896}], "date_of_purchase": "2018-12-13 18:31:00"}
{"customer_id": "C17", "basket": [{"product_id": "P25", "price": 660}], "date_of_purchase": "2018-12-13 18:01:00"}
{"customer_id": "C19", "basket": [{"product_id": "P62", "price": 930}, {"product_id": "P63", "price": 1564}, {"product_id": "P62", "price": 1222}], "date_of_purchase": "2018-12-13 05:39:00"}
{"customer_id": "C23", "basket": [{"product_id": "P45", "price": 554}, {"product_id": "P54", "price": 1835}], "date_of_purchase": "2018-12-13 20:47:00"}
{"customer_id": "C26", "basket": [{"product_id": "P47", "price": 191}, {"product_id": "P57", "price": 1617}], "date_of_purchase": "2018-12-13 15:46:00"}
{"customer_id": "C29", "basket": [{"product_id": "P33", "price": 557}, {"product_id": "P27", "price": 603}, {"product_id": "P24", "price": 900}], "date_of_purchase": "2018-12-13 18:50:00"}
{"customer_id": "C30", "basket": [{"product_id": "P61", "price": 985}, {"product_id": "P61", "price": 1249}], "date_of_purchase": "2018-12-13 23:47:00"}
{"customer_id": "C32", "basket": [{"product_id": "P55", "price": 1067}, {"product_id": "P56", "price": 470}], "date_of_purchase": "2018-12-13 23:46:00"}
{"customer_id": "C34", "basket": [{"product_id": "P33", "price": 1626}, {"product_id": "P33", "price": 1907}], "date_of_purchase": "2018-12-13 19:51:00"}
{"customer_id": "C38", "basket": [{"product_id": "P28", "price": 454}, {"product_id": "P26", "price": 1965}, {"product_id": "P27", "price": 1549}], "date_of_purchase": "2018-12-13 05:06:00"}
{"customer_id": "C43", "basket": [{"product_id": "P53", "price": 1719}, {"product_id": "P45", "price": 818}, {"product_id": "P46", "price": 1233}], "date_of_purchase": "2018-12-13 14:44:00"}
{"customer_id": "C75", "basket": [{"product_id": "P12", "price": 1247}, {"product_id": "P11", "price": 983}], "date_of_purchase": "2018-12-13 14:41:00"}
{"customer_id": "C76", "basket": [{"product_id": "P61", "price": 1006}, {"product_id": "P64", "price": 585}, {"product_id": "P63", "price": 614}], "date_of_purchase": "2018-12-13 19:12:00"}
{"customer_id": "C79", "basket": [{"product_id": "P36", "price": 1981}, {"product_id": "P37", "price": 580}, {"product_id": "P35", "price": 1759}], "date_of_purchase": "2018-12-13 09:10:00"}
{"customer_id": "C82", "basket": [{"product_id": "P01", "price": 1205}, {"product_id": "P02", "price": 278}], "date_of_purchase": "2018-12-13 14:02:00"}
{"customer_id": "C88", "basket": [{"product_id": "P35", "price": 1669}, {"product_id": "P38", "price": 1573}], "date_of_purchase": "2018-12-13 09:58:00"}
{"customer_id": "C90", "basket": [{"product_id": "P36", "price": 636}, {"product_id": "P35", "price": 1563}, {"product_id": "P35", "price": 76}], "date_of_purchase": "2018-12-13 16:53:00"}
{"customer_id": "C113", "basket": [{"product_id": "P26", "price": 1724}, {"product_id": "P30", "price": 1407}, {"product_id": "P31", "price": 1214}], "date_of_purchase": "2018-12-13 13:25:00"}
{"customer_id": "C123", "basket": [{"product_id": "P59", "price": 762}, {"product_id": "P47", "price": 57}, {"product_id": "P57", "price": 72}], "date_of_purchase": "2018-12-13 04:42:00"}
{"customer_id": "C129", "basket": [{"product_id": "P01", "price": 481}, {"product_id": "P07", "price": 352}, {"product_id": "P05", "price": 1436}], "date_of_purchase": "2018-12-13 09:39:00"}
{"customer_id": "C130", "basket": [{"product_id": "P05", "price": 1549}, {"product_id": "P02", "price": 1425}], "date_of_purchase": "2018-12-13 14:02:00"}
{"customer_id": "C133", "basket": [{"product_id": "P43", "price": 1625}, {"product_id": "P47", "price": 794}, {"product_id": "P53", "price": 1634}], "date_of_purchase": "2018-12-13 23:52:00"}
{"customer_id": "C134", "basket": [{"product_id": "P24", "price": 114}, {"product_id": "P22", "price": 198}, {"product_id": "P28", "price": 1493}], "date_of_purchase": "2018-12-13 05:06:00"}
{"customer_id": "C135", "basket": [{"product_id": "P41", "price": 1805}], "date_of_purchase": "2018-12-13 11:53:00"}
