{"customer_id": "C1", "basket": [{"product_id": "P13", "price": 615}, {"product_id": "P13", "price": 1424}, {"product_id": "P18", "price": 1068}], "date_of_purchase": "2019-02-07 22:08:00"}
{"customer_id": "C11", "basket": [{"product_id": "P49", "price": 1647}, {"product_id": "P52", "price": 1210}, {"product_id": "P53", "price": 63}], "date_of_purchase": "2019-02-07 19:10:00"}
{"customer_id": "C13", "basket": [{"product_id": "P37", "price": 1294}], "date_of_purchase": "2019-02-07 07:15:00"}
{"customer_id": "C15", "basket": [{"product_id": "P05", "price": 132}], "date_of_purchase": "2019-02-07 07:23:00"}
{"customer_id": "C21", "basket": [{"product_id": "P07", "price": 1862}, {"product_id": "P04", "price": 428}, {"product_id": "P05", "price": 1251}], "date_of_purchase": "2019-02-07 06:02:00"}
{"customer_id": "C38", "basket": [{"product_id": "P39", "price": 625}, {"product_id": "P38", "price": 884}, {"product_id": "P39", "price": 1099}], "date_of_purchase": "2019-02-07 19:52:00"}
{"customer_id": "C47", "basket": [{"product_id": "P43", "price": 448}, {"product_id": "P42", "price": 164}], "date_of_purchase": "2019-02-07 12:00:00"}
{"customer_id": "C48", "basket": [{"product_id": "P23", "price": 901}, {"product_id": "P28", "price": 1202}], "date_of_purchase": "2019-02-07 18:10:00"}
{"customer_id": "C52", "basket": [{"product_id": "P49", "price": 841}, {"product_id": "P54", "price": 4}], "date_of_purchase": "2019-02-07 03:03:00"}
{"customer_id": "C65", "basket": [{"product_id": "P35", "price": 1434}], "date_of_purchase": "2019-02-07 08:10:00"}
{"customer_id": "C67", "basket": [{"product_id": "P36", "price": 1086}], "date_of_purchase": "2019-02-07 16:54:00"}
{"customer_id": "C70", "basket": [{"product_id": "P26", "price": 48}, {"product_id": "P33", "price": 1267}, {"product_id": "P25", "price": 1191}], "date_of_purchase": "2019-02-07 12:20:00"}
{"customer_id": "C81", "basket": [{"product_id": "P44", "price": 44}, {"product_id": "P47", "price": 430}, {"product_id": "P48", "price": 347}], "date_of_purchase": "2019-02-07 07:40:00"}
{"customer_id": "C102", "basket": [{"product_id": "P38", "price": 1043}, {"product_id": "P40", "price": 1249}], "date_of_purchase": "2019-02-07 13:44:00"}
{"customer_id": "C107", "basket": [{"product_id": "P63", "price": 738}, {"product_id": "P62", "price": 382}], "date_of_purchase": "2019-02-07 09:32:00"}
{"customer_id": "C113", "basket": [{"product_id": "P61", "price": 1584}, {"product_id": "P61", "price": 1723}], "date_of_purchase": "2019-02-07 09:58:00"}
{"customer_id": "C114", "basket": [{"product_id": "P55", "price": 623}, {"product_id": "P54", "price": 1470}, {"product_id": "P52", "price": 1642}], "date_of_purchase": "2019-02-07 07:11:00"}
{"customer_id": "C117", "basket": [{"product_id": "P39", "price": 435}], "date_of_purchase": "2019-02-07 08:10:00"}
{"customer_id": "C130", "basket": [{"product_id": "P07", "price": 1872}, {"product_id": "P11", "price": 910}], "date_of_purchase": "2019-02-07 08:52:00"}
