{"customer_id": "C1", "basket": [{"product_id": "P06", "price": 1892}, {"product_id": "P01", "price": 1620}], "date_of_purchase": "2019-02-19 03:40:00"}
{"customer_id": "C6", "basket": [{"product_id": "P12", "price": 1653}], "date_of_purchase": "2019-02-19 03:51:00"}
{"customer_id": "C9", "basket": [{"product_id": "P57", "price": 1826}], "date_of_purchase": "2019-02-19 18:24:00"}
{"customer_id": "C22", "basket": [{"product_id": "P40", "price": 492}], "date_of_purchase": "2019-02-19 12:34:00"}
{"customer_id": "C28", "basket": [{"product_id": "P23", "price": 980}, {"product_id": "P25", "price": 1063}, {"product_id": "P26", "price": 664}], "date_of_purchase": "2019-02-19 20:37:00"}
{"customer_id": "C32", "basket": [{"product_id": "P38", "price": 1519}], "date_of_purchase": "2019-02-19 10:45:00"}
{"customer_id": "C34", "basket": [{"product_id": "P22", "price": 1571}], "date_of_purchase": "2019-02-19 06:40:00"}
{"customer_id": "C38", "basket": [{"product_id": "P38", "price": 1205}], "date_of_purchase": "2019-02-19 15:21:00"}
{"customer_id": "C42", "basket": [{"product_id": "P39", "price": 436}, {"product_id": "P40", "price": 943}, {"product_id": "P37", "price": 436}], "date_of_purchase": "2019-02-19 23:31:00"}
{"customer_id": "C44", "basket": [{"product_id": "P38", "price": 1010}], "date_of_purchase": "2019-02-19 12:22:00"}
{"customer_id": "C56", "basket": [{"product_id": "P11", "price": 1894}, {"product_id": "P04", "price": 1769}], "date_of_purchase": "2019-02-19 10:44:00"}
{"customer_id": "C63", "basket": [{"product_id": "P04", "price": 1877}], "date_of_purchase": "2019-02-19 22:07:00"}
{"customer_id": "C66", "basket": [{"product_id": "P62", "price": 1221}, {"product_id": "P64", "price": 1944}, {"product_id": "P63", "price": 678}], "date_of_purchase": "2019-02-19 21:27:00"}
{"customer_id": "C68", "basket": [{"product_id": "P35", "price": 1159}, {"product_id": "P39", "price": 1729}], "date_of_purchase": "2019-02-19 08:16:00"}
{"customer_id": "C87", "basket": [{"product_id": "P09", "price": 1349}, {"product_id": "P11", "price": 694}], "date_of_purchase": "2019-02-19 14:32:00"}
{"customer_id": "C88", "basket": [{"product_id": "P03", "price": 470}, {"product_id": "P11", "price": 618}, {"product_id": "P04", "price": 1173}], "date_of_purchase": "2019-02-19 05:48:00"}
{"customer_id": "C93", "basket": [{"product_id": "P60", "price": 1660}, {"product_id": "P55", "price": 1263}], "date_of_purchase": "2019-02-19 16:03:00"}
{"customer_id": "C99", "basket": [{"product_id": "P27", "price": 1718}], "date_of_purchase": "2019-02-19 20:21:00"}
{"customer_id": "C103", "basket": [{"product_id": "P40", "price": 1644}, {"product_id": "P40", "price": 106}, {"product_id": "P38", "price": 1489}], "date_of_purchase": "2019-02-19 10:15:00"}
{"customer_id": "C104", "basket": [{"product_id": "P17", "price": 25}], "date_of_purchase": "2019-02-19 22:25:00"}
{"customer_id": "C114", "basket": [{"product_id": "P57", "price": 300}], "date_of_purchase": "2019-02-19 06:39:00"}
{"customer_id": "C124", "basket": [{"product_id": "P39", "price": 787}], "date_of_purchase": "2019-02-19 03:02:00"}
{"customer_id": "C129", "basket": [{"product_id": "P08", "price": 1270}], "date_of_purchase": "2019-02-19 11:37:00"}
{"customer_id": "C130", "basket": [{"product_id": "P64", "price": 174}, {"product_id": "P63", "price": 749}, {"product_id": "P63", "price": 1616}], "date_of_purchase": "2019-02-19 13:58:00"}
{"customer_id": "C133", "basket": [{"product_id": "P45", "price": 1644}, {"product_id": "P51", "price": 1871}, {"product_id": "P43", "price": 747}], "date_of_purchase": "2019-02-19 09:30:00"}
{"customer_id": "C134", "basket": [{"product_id": "P63", "price": 1501}], "date_of_purchase": "2019-02-19 19:07:00"}
{"customer_id": "C137", "basket": [{"product_id": "P34", "price": 1329}], "date_of_purchase": "2019-02-19 20:53:00"}
