{"customer_id": "C1", "basket": [{"product_id": "P16", "price": 793}, {"product_id": "P13", "price": 866}, {"product_id": "P16", "price": 524}], "date_of_purchase": "2019-02-26 04:29:00"}
{"customer_id": "C4", "basket": [{"product_id": "P39", "price": 1032}, {"product_id": "P36", "price": 1935}], "date_of_purchase": "2019-02-26 03:29:00"}
{"customer_id": "C8", "basket": [{"product_id": "P25", "price": 628}, {"product_id": "P24", "price": 1384}, {"product_id": "P29", "price": 1405}], "date_of_purchase": "2019-02-26 10:55:00"}
{"customer_id": "C15", "basket": [{"product_id": "P44", "price": 409}], "date_of_purchase": "2019-02-26 08:31:00"}
{"customer_id": "C22", "basket": [{"product_id": "P47", "price": 53}, {"product_id": "P51", "price": 64}], "date_of_purchase": "2019-02-26 07:08:00"}
{"customer_id": "C29", "basket": [{"product_id": "P22", "price": 120}], "date_of_purchase": "2019-02-26 03:19:00"}
{"customer_id": "C31", "basket": [{"product_id": "P22", "price": 682}, {"product_id": "P31", "price": 399}, {"product_id": "P29", "price": 1288}], "date_of_purchase": "2019-02-26 11:59:00"}
{"customer_id": "C34", "basket": [{"product_id": "P54", "price": 1239}, {"product_id": "P45", "price": 1212}], "date_of_purchase": "2019-02-26 23:36:00"}
{"customer_id": "C37", "basket": [{"product_id": "P32", "price": 1486}, {"product_id": "P28", "price": 1627}], "date_of_purchase": "2019-02-26 20:04:00"}
{"customer_id": "C45", "basket": [{"product_id": "P17", "price": 1248}, {"product_id": "P16", "price": 730}], "date_of_purchase": "2019-02-26 05:22:00"}
{"customer_id": "C48", "basket": [{"product_id": "P39", "price": 970}, {"product_id": "P37", "price": 1372}, {"product_id": "P40", "price": 835}], "date_of_purchase": "2019-02-26 15:31:00"}
{"customer_id": "C50", "basket": [{"product_id": "P07", "price": 911}, {"product_id": "P02", "price": 1163}], "date_of_purchase": "2019-02-26 16:39:00"}
{"customer_id": "C55", "basket": [{"product_id": "P19", "price": 1990}, {"product_id": "P18", "price": 357}], "date_of_purchase": "2019-02-26 06:49:00"}
{"customer_id": "C62", "basket": [{"product_id": "P24", "price": 322}], "date_of_purchase": "2019-02-26 06:34:00"}
{"customer_id": "C63", "basket": [{"product_id": "P23", "price": 1915}], "date_of_purchase": "2019-02-26 07:08:00"}
{"customer_id": "C64", "basket": [{"product_id": "P35", "price": 1306}, {"product_id": "P37", "price": 672}, {"product_id": "P40", "price": 1835}], "date_of_purchase": "2019-02-26 15:02:00"}
{"customer_id": "C65", "basket": [{"product_id": "P36", "price": 1747}, {"product_id": "P35", "price": 1575}, {"product_id": "P40", "price": 108}], "date_of_purchase": "2019-02-26 16:54:00"}
{"customer_id": "C70", "basket": [{"product_id": "P04", "price": 839}, {"product_id": "P01", "price": 1584}], "date_of_purchase": "2019-02-26 07:09:00"}
{"customer_id": "C71", "basket": [{"product_id": "P49", "price": 1570}, {"product_id": "P43", "price": 1515}], "date_of_purchase": "2019-02-26 15:07:00"}
{"customer_id": "C74", "basket": [{"product_id": "P01", "price": 932}, {"product_id": "P11", "price": 157}], "date_of_purchase": "2019-02-26 22:44:00"}
{"customer_id": "C78", "basket": [{"product_id": "P54", "price": 285}, {"product_id": "P55", "price": 842}], "date_of_purchase": "2019-02-26 08:13:00"}
{"customer_id": "C81", "basket": [{"product_id": "P51", "price": 1134}], "date_of_purchase": "2019-02-26 07:40:00"}
{"customer_id": "C87", "basket": [{"product_id": "P05", "price": 580}, {"product_id": "P06", "price": 327}], "date_of_purchase": "2019-02-26 15:51:00"}
{"customer_id": "C92", "basket": [{"product_id": "P38", "price": 1830}, {"product_id": "P38", "price": 94}, {"product_id": "P35", "price": 1632}], "date_of_purchase": "2019-02-26 08:58:00"}
{"customer_id": "C105", "basket": [{"product_id": "P55", "price": 985}, {"product_id": "P58", "price": 501}], "date_of_purchase": "2019-02-26 21:37:00"}
{"customer_id": "C116", "basket": [{"product_id": "P27", "price": 1901}], "date_of_purchase": "2019-02-26 10:38:00"}
{"customer_id": "C123", "basket": [{"product_id": "P63", "price": 649}, {"product_id": "P62", "price": 1859}, {"product_id": "P64", "price": 1794}], "date_of_purchase": "2019-02-26 22:45:00"}
{"customer_id": "C126", "basket": [{"product_id": "P56", "price": 121}, {"product_id": "P57", "price": 1405}, {"product_id": "P51", "price": 1071}], "date_of_purchase": "2019-02-26 12:52:00"}
{"customer_id": "C128", "basket": [{"product_id": "P11", "price": 49}, {"product_id": "P07", "price": 1401}], "date_of_purchase": "2019-02-26 09:50:00"}
{"customer_id": "C130", "basket": [{"product_id": "P06", "price": 278}, {"product_id": "P11", "price": 1045}, {"product_id": "P05", "price": 76}], "date_of_purchase": "2019-02-26 07:05:00"}
