{"customer_id": "C4", "basket": [{"product_id": "P38", "price": 1089}, {"product_id": "P39", "price": 854}, {"product_id": "P38", "price": 1982}], "date_of_purchase": "2018-12-12 19:12:00"}
{"customer_id": "C10", "basket": [{"product_id": "P23", "price": 1967}, {"product_id": "P30", "price": 1281}, {"product_id": "P23", "price": 1804}], "date_of_purchase": "2018-12-12 07:40:00"}
{"customer_id": "C15", "basket": [{"product_id": "P54", "price": 88}, {"product_id": "P53", "price": 1853}, {"product_id": "P41", "price": 1978}], "date_of_purchase": "2018-12-12 11:06:00"}
{"customer_id": "C28", "basket": [{"product_id": "P31", "price": 18}, {"product_id": "P31", "price": 693}], "date_of_purchase": "2018-12-12 10:10:00"}
{"customer_id": "C37", "basket": [{"product_id": "P31", "price": 200}], "date_of_purchase": "2018-12-12 18:45:00"}
{"customer_id": "C39", "basket": [{"product_id": "P46", "price": 1431}], "date_of_purchase": "2018-12-12 18:58:00"}
{"customer_id": "C40", "basket": [{"product_id": "P39", "price": 1199}, {"product_id": "P35", "price": 1157}, {"product_id": "P38", "price": 1702}], "date_of_purchase": "2018-12-12 20:44:00"}
{"customer_id": "C42", "basket": [{"product_id": "P55", "price": 175}, {"product_id": "P47", "price": 1025}, {"product_id": "P49", "price": 1523}], "date_of_purchase": "2018-12-12 09:15:00"}
{"customer_id": "C43", "basket": [{"product_id": "P56", "price": 1800}], "date_of_purchase": "2018-12-12 20:51:00"}
{"customer_id": "C44", "basket": [{"product_id": "P40", "price": 1027}, {"product_id": "P35", "price": 670}], "date_of_purchase": "2018-12-12 18:09:00"}
{"customer_id": "C63", "basket": [{"product_id": "P33", "price": 1252}, {"product_id": "P30", "price": 1934}], "date_of_purchase": "2018-12-12 16:30:00"}
{"customer_id": "C64", "basket": [{"product_id": "P21", "price": 1742}, {"product_id": "P18", "price": 1491}, {"product_id": "P18", "price": 1600}], "date_of_purchase": "2018-12-12 10:02:00"}
{"customer_id": "C76", "basket": [{"product_id": "P64", "price": 1743}], "date_of_purchase": "2018-12-12 04:50:00"}
{"customer_id": "C83", "basket": [{"product_id": "P45", "price": 623}, {"product_id": "P53", "price": 823}], "date_of_purchase": "2018-12-12 10:06:00"}
{"customer_id": "C86", "basket": [{"product_id": "P36", "price": 1805}], "date_of_purchase": "2018-12-12 10:09:00"}
{"customer_id": "C89", "basket": [{"product_id": "P33", "price": 1644}], "date_of_purchase": "2018-12-12 15:33:00"}
{"customer_id": "C102", "basket": [{"product_id": "P48", "price": 51}, {"product_id": "P53", "price": 389}], "date_of_purchase": "2018-12-12 08:58:00"}
{"customer_id": "C104", "basket": [{"product_id": "P18", "price": 807}, {"product_id": "P16", "price": 1394}], "date_of_purchase": "2018-12-12 23:37:00"}
{"customer_id": "C112", "basket": [{"product_id": "P39", "price": 395}, {"product_id": "P39", "price": 1759}, {"product_id": "P35", "price": 1666}], "date_of_purchase": "2018-12-12 17:47:00"}
{"customer_id": "C116", "basket": [{"product_id": "P04", "price": 858}], "date_of_purchase": "2018-12-12 19:53:00"}
{"customer_id": "C123", "basket": [{"product_id": "P49", "price": 1882}, {"product_id": "P47", "price": 254}], "date_of_purchase": "2018-12-12 11:49:00"}
{"customer_id": "C126", "basket": [{"product_id": "P49", "price": 1317}], "date_of_purchase": "2018-12-12 07:48:00"}
