{"customer_id": "C1", "basket": [{"product_id": "P17", "price": 165}], "date_of_purchase": "2019-02-06 03:31:00"}
{"customer_id": "C3", "basket": [{"product_id": "P24", "price": 1234}, {"product_id": "P32", "price": 1914}], "date_of_purchase": "2019-02-06 19:22:00"}
{"customer_id": "C7", "basket": [{"product_id": "P37", "price": 426}], "date_of_purchase": "2019-02-06 12:21:00"}
{"customer_id": "C8", "basket": [{"product_id": "P59", "price": 376}, {"product_id": "P48", "price": 1727}], "date_of_purchase": "2019-02-06 19:20:00"}
{"customer_id": "C11", "basket": [{"product_id": "P36", "price": 109}, {"product_id": "P39", "price": 1672}], "date_of_purchase": "2019-02-06 10:27:00"}
{"customer_id": "C12", "basket": [{"product_id": "P28", "price": 1624}, {"product_id": "P28", "price": 307}], "date_of_purchase": "2019-02-06 19:07:00"}
{"customer_id": "C13", "basket": [{"product_id": "P38", "price": 250}], "date_of_purchase": "2019-02-06 15:37:00"}
{"customer_id": "C15", "basket": [{"product_id": "P06", "price": 43}], "date_of_purchase": "2019-02-06 11:48:00"}
{"customer_id": "C30", "basket": [{"product_id": "P55", "price": 1756}], "date_of_purchase": "2019-02-06 14:58:00"}
{"customer_id": "C37", "basket": [{"product_id": "P64", "price": 244}, {"product_id": "P63", "price": 238}, {"product_id": "P62", "price": 842}], "date_of_purchase": "2019-02-06 07:50:00"}
{"customer_id": "C38", "basket": [{"product_id": "P25", "price": 1137}], "date_of_purchase": "2019-02-06 20:21:00"}
{"customer_id": "C41", "basket": [{"product_id": "P63", "price": 1391}, {"product_id": "P62", "price": 566}], "date_of_purchase": "2019-02-06 15:03:00"}
{"customer_id": "C49", "basket": [{"product_id": "P40", "price": 191}, {"product_id": "P36", "price": 992}], "date_of_purchase": "2019-02-06 08:52:00"}
{"customer_id": "C61", "basket": [{"product_id": "P54", "price": 1073}, {"product_id": "P59", "price": 932}, {"product_id": "P51", "price": 1437}], "date_of_purchase": "2019-02-06 19:00:00"}
{"customer_id": "C63", "basket": [{"product_id": "P51", "price": 1227}], "date_of_purchase": "2019-02-06 14:19:00"}
{"customer_id": "C64", "basket": [{"product_id": "P22", "price": 1299}, {"product_id": "P26", "price": 195}, {"product_id": "P28", "price": 1759}], "date_of_purchase": "2019-02-06 06:32:00"}
{"customer_id": "C80", "basket": [{"product_id": "P39", "price": 1741}, {"product_id": "P37", "price": 732}, {"product_id": "P39", "price": 1401}], "date_of_purchase": "2019-02-06 16:50:00"}
{"customer_id": "C86", "basket": [{"product_id": "P40", "price": 1457}], "date_of_purchase": "2019-02-06 06:32:00"}
{"customer_id": "C90", "basket": [{"product_id": "P14", "price": 268}], "date_of_purchase": "2019-02-06 10:22:00"}
{"customer_id": "C93", "basket": [{"product_id": "P49", "price": 1583}, {"product_id": "P56", "price": 18}], "date_of_purchase": "2019-02-06 14:17:00"}
{"customer_id": "C98", "basket": [{"product_id": "P40", "price": 672}], "date_of_purchase": "2019-02-06 03:21:00"}
{"customer_id": "C99", "basket": [{"product_id": "P22", "price": 1436}], "date_of_purchase": "2019-02-06 19:40:00"}
{"customer_id": "C109", "basket": [{"product_id": "P64", "price": 105}, {"product_id": "P64", "price": 562}], "date_of_purchase": "2019-02-06 06:17:00"}
{"customer_id": "C113", "basket": [{"product_id": "P61", "price": 529}, {"product_id": "P62", "price": 1489}], "date_of_purchase": "2019-02-06 22:42:00"}
{"customer_id": "C114", "basket": [{"product_id": "P44", "price": 350}], "date_of_purchase": "2019-02-06 15:56:00"}
{"customer_id": "C116", "basket": [{"product_id": "P03", "price": 1155}, {"product_id": "P02", "price": 1795}, {"product_id": "P11", "price": 11}], "date_of_purchase": "2019-02-06 03:09:00"}
{"customer_id": "C131", "basket": [{"product_id": "P43", "price": 275}, {"product_id": "P56", "price": 530}, {"product_id": "P41", "price": 1525}], "date_of_purchase": "2019-02-06 11:14:00"}
{"customer_id": "C133", "basket": [{"product_id": "P53", "price": 1253}], "date_of_purchase": "2019-02-06 06:06:00"}
