{"customer_id": "C12", "basket": [{"product_id": "P27", "price": 664}, {"product_id": "P25", "price": 607}, {"product_id": "P34", "price": 1004}], "date_of_purchase": "2018-12-03 05:59:00"}
{"customer_id": "C13", "basket": [{"product_id": "P37", "price": 861}, {"product_id": "P38", "price": 1230}, {"product_id": "P35", "price": 541}], "date_of_purchase": "2018-12-03 14:25:00"}
{"customer_id": "C27", "basket": [{"product_id": "P35", "price": 962}, {"product_id": "P39", "price": 695}], "date_of_purchase": "2018-12-03 12:40:00"}
{"customer_id": "C28", "basket": [{"product_id": "P15", "price": 1922}, {"product_id": "P19", "price": 572}, {"product_id": "P21", "price": 1325}], "date_of_purchase": "2018-12-03 23:23:00"}
{"customer_id": "C29", "basket": [{"product_id": "P28", "price": 1461}, {"product_id": "P29", "price": 1739}], "date_of_purchase": "2018-12-03 09:44:00"}
{"customer_id": "C32", "basket": [{"product_id": "P37", "price": 1763}, {"product_id": "P38", "price": 839}, {"product_id": "P38", "price": 1490}], "date_of_purchase": "2018-12-03 14:31:00"}
{"customer_id": "C35", "basket": [{"product_id": "P63", "price": 1073}, {"product_id": "P61", "price": 987}], "date_of_purchase": "2018-12-03 11:41:00"}
{"customer_id": "C43", "basket": [{"product_id": "P44", "price": 1797}, {"product_id": "P44", "price": 333}, {"product_id": "P48", "price": 155}], "date_of_purchase": "2018-12-03 09:20:00"}
{"customer_id": "C47", "basket": [{"product_id": "P56", "price": 1856}, {"product_id": "P52", "price": 1789}, {"product_id": "P51", "price": 1046}], "date_of_purchase": "2018-12-03 15:06:00"}
{"customer_id": "C59", "basket": [{"product_id": "P55", "price": 672}, {"product_id": "P60", "price": 1429}, {"product_id": "P50", "price": 1736}], "date_of_purchase": "2018-12-03 13:24:00"}
{"customer_id": "C66", "basket": [{"product_id": "P36", "price": 899}, {"product_id": "P39", "price": 1839}], "date_of_purchase": "2018-12-03 22:04:00"}
{"customer_id": "C69", "basket": [{"product_id": "P26", "price": 1669}], "date_of_purchase": "2018-12-03 10:42:00"}
{"customer_id": "C70", "basket": [{"product_id": "P04", "price": 1035}], "date_of_purchase": "2018-12-03 10:21:00"}
{"customer_id": "C76", "basket": [{"product_id": "P47", "price": 67}, {"product_id": "P55", "price": 1466}], "date_of_purchase": "2018-12-03 02:51:00"}
{"customer_id": "C82", "basket": [{"product_id": "P49", "price": 849}, {"product_id": "P51", "price": 36}, {"product_id": "P42", "price": 1687}], "date_of_purchase": "2018-12-03 07:38:00"}
{"customer_id": "C83", "basket": [{"product_id": "P61", "price": 1200}, {"product_id": "P64", "price": 435}, {"product_id": "P61", "price": 1097}], "date_of_purchase": "2018-12-03 16:47:00"}
{"customer_id": "C85", "basket": [{"product_id": "P31", "price": 715}, {"product_id": "P24", "price": 778}], "date_of_purchase": "2018-12-03 06:56:00"}
{"customer_id": "C87", "basket": [{"product_id": "P05", "price": 740}], "date_of_purchase": "2018-12-03 11:59:00"}
{"customer_id": "C91", "basket": [{"product_id": "P37", "price": 1846}], "date_of_purchase": "2018-12-03 06:10:00"}
{"customer_id": "C106", "basket": [{"product_id": "P39", "price": 498}, {"product_id": "P38", "price": 512}, {"product_id": "P36", "price": 1746}], "date_of_purchase": "2018-12-03 12:17:00"}
{"customer_id": "C112", "basket": [{"product_id": "P27", "price": 1622}, {"product_id": "P24", "price": 377}, {"product_id": "P32", "price": 294}], "date_of_purchase": "2018-12-03 02:59:00"}
{"customer_id": "C120", "basket": [{"product_id": "P58", "price": 819}, {"product_id": "P55", "price": 764}], "date_of_purchase": "2018-12-03 20:29:00"}
{"customer_id": "C130", "basket": [{"product_id": "P44", "price": 1081}, {"product_id": "P45", "price": 44}, {"product_id": "P50", "price": 1527}], "date_of_purchase": "2018-12-03 06:08:00"}
