{"customer_id": "C9", "basket": [{"product_id": "P42", "price": 1876}, {"product_id": "P58", "price": 1936}], "date_of_purchase": "2019-01-31 14:53:00"}
{"customer_id": "C10", "basket": [{"product_id": "P33", "price": 1865}, {"product_id": "P30", "price": 1485}], "date_of_purchase": "2019-01-31 08:58:00"}
{"customer_id": "C11", "basket": [{"product_id": "P08", "price": 1768}, {"product_id": "P01", "price": 1012}, {"product_id": "P09", "price": 1574}], "date_of_purchase": "2019-01-31 03:54:00"}
{"customer_id": "C13", "basket": [{"product_id": "P36", "price": 104}, {"product_id": "P40", "price": 471}], "date_of_purchase": "2019-01-31 05:44:00"}
{"customer_id": "C15", "basket": [{"product_id": "P53", "price": 768}, {"product_id": "P59", "price": 640}], "date_of_purchase": "2019-01-31 22:58:00"}
{"customer_id": "C16", "basket": [{"product_id": "P48", "price": 1281}], "date_of_purchase": "2019-01-31 19:56:00"}
{"customer_id": "C31", "basket": [{"product_id": "P62", "price": 1054}], "date_of_purchase": "2019-01-31 14:40:00"}
{"customer_id": "C63", "basket": [{"product_id": "P36", "price": 787}], "date_of_purchase": "2019-01-31 05:42:00"}
{"customer_id": "C65", "basket": [{"product_id": "P61", "price": 1260}], "date_of_purchase": "2019-01-31 06:27:00"}
{"customer_id": "C66", "basket": [{"product_id": "P54", "price": 903}, {"product_id": "P50", "price": 1698}, {"product_id": "P42", "price": 645}], "date_of_purchase": "2019-01-31 19:21:00"}
{"customer_id": "C70", "basket": [{"product_id": "P14", "price": 1276}, {"product_id": "P15", "price": 1194}], "date_of_purchase": "2019-01-31 11:30:00"}
{"customer_id": "C76", "basket": [{"product_id": "P62", "price": 294}], "date_of_purchase": "2019-01-31 07:19:00"}
{"customer_id": "C81", "basket": [{"product_id": "P47", "price": 1190}, {"product_id": "P43", "price": 907}, {"product_id": "P52", "price": 1239}], "date_of_purchase": "2019-01-31 15:35:00"}
{"customer_id": "C82", "basket": [{"product_id": "P46", "price": 679}], "date_of_purchase": "2019-01-31 17:14:00"}
{"customer_id": "C87", "basket": [{"product_id": "P01", "price": 126}], "date_of_purchase": "2019-01-31 03:51:00"}
{"customer_id": "C90", "basket": [{"product_id": "P23", "price": 42}], "date_of_purchase": "2019-01-31 12:23:00"}
{"customer_id": "C93", "basket": [{"product_id": "P56", "price": 188}, {"product_id": "P57", "price": 1537}, {"product_id": "P58", "price": 446}], "date_of_purchase": "2019-01-31 19:46:00"}
{"customer_id": "C108", "basket": [{"product_id": "P62", "price": 1321}, {"product_id": "P63", "price": 510}], "date_of_purchase": "2019-01-31 05:15:00"}
{"customer_id": "C116", "basket": [{"product_id": "P11", "price": 505}], "date_of_purchase": "2019-01-31 09:38:00"}
{"customer_id": "C130", "basket": [{"product_id": "P26", "price": 1121}, {"product_id": "P22", "price": 1813}, {"product_id": "P23", "price": 1637}], "date_of_purchase": "2019-01-31 20:15:00"}
