{"customer_id": "C4", "basket": [{"product_id": "P40", "price": 11}], "date_of_purchase": "2018-12-07 20:46:00"}
{"customer_id": "C9", "basket": [{"product_id": "P05", "price": 427}, {"product_id": "P05", "price": 1196}], "date_of_purchase": "2018-12-07 11:51:00"}
{"customer_id": "C13", "basket": [{"product_id": "P35", "price": 1433}], "date_of_purchase": "2018-12-07 03:25:00"}
{"customer_id": "C14", "basket": [{"product_id": "P07", "price": 752}, {"product_id": "P01", "price": 879}, {"product_id": "P01", "price": 1579}], "date_of_purchase": "2018-12-07 04:07:00"}
{"customer_id": "C21", "basket": [{"product_id": "P05", "price": 1526}], "date_of_purchase": "2018-12-07 04:03:00"}
{"customer_id": "C23", "basket": [{"product_id": "P35", "price": 1973}], "date_of_purchase": "2018-12-07 22:18:00"}
{"customer_id": "C24", "basket": [{"product_id": "P48", "price": 333}], "date_of_purchase": "2018-12-07 06:56:00"}
{"customer_id": "C29", "basket": [{"product_id": "P28", "price": 1855}, {"product_id": "P23", "price": 297}], "date_of_purchase": "2018-12-07 05:19:00"}
{"customer_id": "C31", "basket": [{"product_id": "P58", "price": 722}, {"product_id": "P55", "price": 668}, {"product_id": "P57", "price": 433}], "date_of_purchase": "2018-12-07 20:08:00"}
{"customer_id": "C33", "basket": [{"product_id": "P22", "price": 996}, {"product_id": "P23", "price": 1923}], "date_of_purchase": "2018-12-07 17:59:00"}
{"customer_id": "C39", "basket": [{"product_id": "P57", "price": 1109}, {"product_id": "P58", "price": 1903}], "date_of_purchase": "2018-12-07 14:34:00"}
{"customer_id": "C50", "basket": [{"product_id": "P36", "price": 166}, {"product_id": "P35", "price": 336}, {"product_id": "P36", "price": 391}], "date_of_purchase": "2018-12-07 04:18:00"}
{"customer_id": "C55", "basket": [{"product_id": "P36", "price": 3}], "date_of_purchase": "2018-12-07 06:42:00"}
{"customer_id": "C58", "basket": [{"product_id": "P31", "price": 416}, {"product_id": "P31", "price": 502}, {"product_id": "P23", "price": 801}], "date_of_purchase": "2018-12-07 05:58:00"}
{"customer_id": "C64", "basket": [{"product_id": "P35", "price": 1146}, {"product_id": "P39", "price": 1806}, {"product_id": "P36", "price": 607}], "date_of_purchase": "2018-12-07 15:07:00"}
{"customer_id": "C66", "basket": [{"product_id": "P35", "price": 1074}, {"product_id": "P40", "price": 1758}], "date_of_purchase": "2018-12-07 17:29:00"}
{"customer_id": "C85", "basket": [{"product_id": "P24", "price": 1141}, {"product_id": "P26", "price": 1083}, {"product_id": "P33", "price": 955}], "date_of_purchase": "2018-12-07 08:47:00"}
{"customer_id": "C102", "basket": [{"product_id": "P38", "price": 1181}, {"product_id": "P40", "price": 1917}, {"product_id": "P39", "price": 551}], "date_of_purchase": "2018-12-07 23:56:00"}
{"customer_id": "C111", "basket": [{"product_id": "P63", "price": 1751}], "date_of_purchase": "2018-12-07 21:53:00"}
{"customer_id": "C115", "basket": [{"product_id": "P33", "price": 633}, {"product_id": "P29", "price": 383}, {"product_id": "P31", "price": 781}], "date_of_purchase": "2018-12-07 15:10:00"}
{"customer_id": "C128", "basket": [{"product_id": "P51", "price": 1260}], "date_of_purchase": "2018-12-07 23:02:00"}
{"customer_id": "C130", "basket": [{"product_id": "P05", "price": 561}, {"product_id": "P09", "price": 1402}, {"product_id": "P12", "price": 1693}], "date_of_purchase": "2018-12-07 19:57:00"}
