{"customer_id": "C15", "basket": [{"product_id": "P38", "price": 1708}, {"product_id": "P35", "price": 838}, {"product_id": "P37", "price": 839}], "date_of_purchase": "2018-12-14 05:11:00"}
{"customer_id": "C28", "basket": [{"product_id": "P28", "price": 334}, {"product_id": "P22", "price": 94}], "date_of_purchase": "2018-12-14 03:39:00"}
{"customer_id": "C33", "basket": [{"product_id": "P59", "price": 93}, {"product_id": "P47", "price": 177}], "date_of_purchase": "2018-12-14 16:28:00"}
{"customer_id": "C34", "basket": [{"product_id": "P64", "price": 1721}], "date_of_purchase": "2018-12-14 10:12:00"}
{"customer_id": "C38", "basket": [{"product_id": "P35", "price": 294}, {"product_id": "P35", "price": 249}, {"product_id": "P38", "price": 357}], "date_of_purchase": "2018-12-14 17:30:00"}
{"customer_id": "C39", "basket": [{"product_id": "P50", "price": 1415}], "date_of_purchase": "2018-12-14 13:34:00"}
{"customer_id": "C43", "basket": [{"product_id": "P57", "price": 697}], "date_of_purchase": "2018-12-14 10:14:00"}
{"customer_id": "C49", "basket": [{"product_id": "P39", "price": 1425}, {"product_id": "P35", "price": 396}], "date_of_purchase": "2018-12-14 07:34:00"}
{"customer_id": "C59", "basket": [{"product_id": "P41", "price": 1746}], "date_of_purchase": "2018-12-14 13:52:00"}
{"customer_id": "C60", "basket": [{"product_id": "P31", "price": 887}], "date_of_purchase": "2018-12-14 04:17:00"}
{"customer_id": "C64", "basket": [{"product_id": "P31", "price": 134}, {"product_id": "P28", "price": 1674}], "date_of_purchase": "2018-12-14 06:13:00"}
{"customer_id": "C73", "basket": [{"product_id": "P01", "price": 334}, {"product_id": "P02", "price": 129}, {"product_id": "P10", "price": 1629}], "date_of_purchase": "2018-12-14 11:55:00"}
{"customer_id": "C86", "basket": [{"product_id": "P59", "price": 1332}], "date_of_purchase": "2018-12-14 12:27:00"}
{"customer_id": "C87", "basket": [{"product_id": "P04", "price": 318}], "date_of_purchase": "2018-12-14 05:55:00"}
{"customer_id": "C96", "basket": [{"product_id": "P32", "price": 860}, {"product_id": "P26", "price": 1682}, {"product_id": "P22", "price": 273}], "date_of_purchase": "2018-12-14 23:55:00"}
{"customer_id": "C100", "basket": [{"product_id": "P39", "price": 1182}, {"product_id": "P36", "price": 592}, {"product_id": "P37", "price": 1193}], "date_of_purchase": "2018-12-14 23:33:00"}
{"customer_id": "C106", "basket": [{"product_id": "P25", "price": 263}], "date_of_purchase": "2018-12-14 21:15:00"}
{"customer_id": "C111", "basket": [{"product_id": "P12", "price": 128}, {"product_id": "P10", "price": 135}], "date_of_purchase": "2018-12-14 22:14:00"}
{"customer_id": "C112", "basket": [{"product_id": "P40", "price": 816}, {"product_id": "P36", "price": 806}, {"product_id": "P36", "price": 1810}], "date_of_purchase": "2018-12-14 10:11:00"}
{"customer_id": "C114", "basket": [{"product_id": "P45", "price": 686}, {"product_id": "P52", "price": 218}], "date_of_purchase": "2018-12-14 13:22:00"}
{"customer_id": "C115", "basket": [{"product_id": "P25", "price": 421}], "date_of_purchase": "2018-12-14 04:03:00"}
{"customer_id": "C124", "basket": [{"product_id": "P36", "price": 436}], "date_of_purchase": "2018-12-14 05:25:00"}
