{"customer_id": "C8", "basket": [{"product_id": "P50", "price": 1704}, {"product_id": "P47", "price": 806}, {"product_id": "P56", "price": 1723}], "date_of_purchase": "2019-02-22 15:38:00"}
{"customer_id": "C9", "basket": [{"product_id": "P26", "price": 1010}, {"product_id": "P29", "price": 1531}, {"product_id": "P22", "price": 897}], "date_of_purchase": "2019-02-22 22:15:00"}
{"customer_id": "C13", "basket": [{"product_id": "P39", "price": 1970}, {"product_id": "P36", "price": 706}, {"product_id": "P39", "price": 1108}], "date_of_purchase": "2019-02-22 18:11:00"}
{"customer_id": "C14", "basket": [{"product_id": "P12", "price": 939}, {"product_id": "P07", "price": 409}], "date_of_purchase": "2019-02-22 05:20:00"}
{"customer_id": "C18", "basket": [{"product_id": "P16", "price": 1006}], "date_of_purchase": "2019-02-22 03:24:00"}
{"customer_id": "C23", "basket": [{"product_id": "P24", "price": 1561}, {"product_id": "P22", "price": 1237}], "date_of_purchase": "2019-02-22 11:27:00"}
{"customer_id": "C26", "basket": [{"product_id": "P05", "price": 1311}], "date_of_purchase": "2019-02-22 13:12:00"}
{"customer_id": "C29", "basket": [{"product_id": "P24", "price": 177}, {"product_id": "P24", "price": 968}, {"product_id": "P26", "price": 814}], "date_of_purchase": "2019-02-22 04:20:00"}
{"customer_id": "C39", "basket": [{"product_id": "P43", "price": 923}, {"product_id": "P49", "price": 459}], "date_of_purchase": "2019-02-22 04:59:00"}
{"customer_id": "C41", "basket": [{"product_id": "P63", "price": 1474}, {"product_id": "P64", "price": 824}, {"product_id": "P62", "price": 879}], "date_of_purchase": "2019-02-22 11:11:00"}
{"customer_id": "C43", "basket": [{"product_id": "P03", "price": 837}, {"product_id": "P11", "price": 811}, {"product_id": "P03", "price": 1922}], "date_of_purchase": "2019-02-22 23:38:00"}
{"customer_id": "C44", "basket": [{"product_id": "P39", "price": 1037}, {"product_id": "P37", "price": 659}, {"product_id": "P38", "price": 1092}], "date_of_purchase": "2019-02-22 16:00:00"}
{"customer_id": "C50", "basket": [{"product_id": "P36", "price": 224}], "date_of_purchase": "2019-02-22 03:29:00"}
{"customer_id": "C56", "basket": [{"product_id": "P10", "price": 307}], "date_of_purchase": "2019-02-22 12:45:00"}
{"customer_id": "C60", "basket": [{"product_id": "P31", "price": 628}, {"product_id": "P23", "price": 300}], "date_of_purchase": "2019-02-22 03:19:00"}
{"customer_id": "C61", "basket": [{"product_id": "P43", "price": 1421}], "date_of_purchase": "2019-02-22 05:14:00"}
{"customer_id": "C64", "basket": [{"product_id": "P24", "price": 724}], "date_of_purchase": "2019-02-22 15:16:00"}
{"customer_id": "C65", "basket": [{"product_id": "P15", "price": 1122}, {"product_id": "P13", "price": 978}], "date_of_purchase": "2019-02-22 08:11:00"}
{"customer_id": "C89", "basket": [{"product_id": "P36", "price": 471}], "date_of_purchase": "2019-02-22 15:31:00"}
{"customer_id": "C93", "basket": [{"product_id": "P58", "price": 1152}], "date_of_purchase": "2019-02-22 12:10:00"}
{"customer_id": "C95", "basket": [{"product_id": "P36", "price": 376}, {"product_id": "P39", "price": 1014}], "date_of_purchase": "2019-02-22 14:16:00"}
{"customer_id": "C102", "basket": [{"product_id": "P48", "price": 275}, {"product_id": "P54", "price": 1108}], "date_of_purchase": "2019-02-22 13:33:00"}
{"customer_id": "C112", "basket": [{"product_id": "P22", "price": 69}], "date_of_purchase": "2019-02-22 03:02:00"}
{"customer_id": "C114", "basket": [{"product_id": "P56", "price": 529}, {"product_id": "P59", "price": 944}, {"product_id": "P46", "price": 89}], "date_of_purchase": "2019-02-22 09:33:00"}
{"customer_id": "C115", "basket": [{"product_id": "P32", "price": 1134}], "date_of_purchase": "2019-02-22 03:02:00"}
{"customer_id": "C119", "basket": [{"product_id": "P39", "price": 1922}, {"product_id": "P37", "price": 1961}, {"product_id": "P40", "price": 1910}], "date_of_purchase": "2019-02-22 16:19:00"}
{"customer_id": "C137", "basket": [{"product_id": "P23", "price": 5}], "date_of_purchase": "2019-02-22 14:03:00"}
