{"customer_id": "C5", "basket": [{"product_id": "P58", "price": 1228}, {"product_id": "P53", "price": 177}], "date_of_purchase": "2019-01-15 04:01:00"}
{"customer_id": "C8", "basket": [{"product_id": "P55", "price": 1371}, {"product_id": "P44", "price": 1241}], "date_of_purchase": "2019-01-15 14:03:00"}
{"customer_id": "C24", "basket": [{"product_id": "P60", "price": 356}], "date_of_purchase": "2019-01-15 10:26:00"}
{"customer_id": "C25", "basket": [{"product_id": "P11", "price": 967}], "date_of_purchase": "2019-01-15 22:12:00"}
{"customer_id": "C30", "basket": [{"product_id": "P55", "price": 581}, {"product_id": "P50", "price": 463}, {"product_id": "P59", "price": 1692}], "date_of_purchase": "2019-01-15 08:43:00"}
{"customer_id": "C32", "basket": [{"product_id": "P54", "price": 206}, {"product_id": "P54", "price": 851}, {"product_id": "P53", "price": 1833}], "date_of_purchase": "2019-01-15 08:11:00"}
{"customer_id": "C34", "basket": [{"product_id": "P34", "price": 455}, {"product_id": "P28", "price": 336}, {"product_id": "P29", "price": 1841}], "date_of_purchase": "2019-01-15 22:49:00"}
{"customer_id": "C41", "basket": [{"product_id": "P62", "price": 1164}, {"product_id": "P61", "price": 888}, {"product_id": "P63", "price": 1877}], "date_of_purchase": "2019-01-15 05:28:00"}
{"customer_id": "C44", "basket": [{"product_id": "P37", "price": 792}, {"product_id": "P40", "price": 706}], "date_of_purchase": "2019-01-15 05:58:00"}
{"customer_id": "C65", "basket": [{"product_id": "P36", "price": 805}], "date_of_purchase": "2019-01-15 16:33:00"}
{"customer_id": "C74", "basket": [{"product_id": "P03", "price": 1242}, {"product_id": "P11", "price": 1076}], "date_of_purchase": "2019-01-15 23:21:00"}
{"customer_id": "C79", "basket": [{"product_id": "P60", "price": 1886}, {"product_id": "P46", "price": 127}], "date_of_purchase": "2019-01-15 04:09:00"}
{"customer_id": "C81", "basket": [{"product_id": "P51", "price": 781}, {"product_id": "P54", "price": 1793}, {"product_id": "P55", "price": 1481}], "date_of_purchase": "2019-01-15 05:22:00"}
{"customer_id": "C82", "basket": [{"product_id": "P03", "price": 537}], "date_of_purchase": "2019-01-15 21:27:00"}
{"customer_id": "C86", "basket": [{"product_id": "P55", "price": 1336}, {"product_id": "P47", "price": 1679}, {"product_id": "P41", "price": 1447}], "date_of_purchase": "2019-01-15 04:22:00"}
{"customer_id": "C87", "basket": [{"product_id": "P09", "price": 1760}, {"product_id": "P09", "price": 1916}, {"product_id": "P12", "price": 1792}], "date_of_purchase": "2019-01-15 19:18:00"}
{"customer_id": "C95", "basket": [{"product_id": "P30", "price": 330}, {"product_id": "P26", "price": 1778}, {"product_id": "P34", "price": 425}], "date_of_purchase": "2019-01-15 14:33:00"}
{"customer_id": "C102", "basket": [{"product_id": "P52", "price": 1445}, {"product_id": "P51", "price": 546}, {"product_id": "P55", "price": 1150}], "date_of_purchase": "2019-01-15 23:07:00"}
{"customer_id": "C113", "basket": [{"product_id": "P64", "price": 590}, {"product_id": "P63", "price": 47}], "date_of_purchase": "2019-01-15 15:52:00"}
{"customer_id": "C119", "basket": [{"product_id": "P33", "price": 383}, {"product_id": "P24", "price": 1885}], "date_of_purchase": "2019-01-15 12:10:00"}
{"customer_id": "C135", "basket": [{"product_id": "P50", "price": 492}, {"product_id": "P55", "price": 1508}], "date_of_purchase": "2019-01-15 07:16:00"}
