{"customer_id": "C15", "basket": [{"product_id": "P39", "price": 33}, {"product_id": "P37", "price": 13}], "date_of_purchase": "2019-02-13 15:00:00"}
{"customer_id": "C18", "basket": [{"product_id": "P16", "price": 867}, {"product_id": "P13", "price": 562}], "date_of_purchase": "2019-02-13 18:35:00"}
{"customer_id": "C21", "basket": [{"product_id": "P31", "price": 652}, {"product_id": "P30", "price": 860}, {"product_id": "P33", "price": 888}], "date_of_purchase": "2019-02-13 18:26:00"}
{"customer_id": "C22", "basket": [{"product_id": "P58", "price": 1698}, {"product_id": "P54", "price": 906}, {"product_id": "P47", "price": 1823}], "date_of_purchase": "2019-02-13 10:53:00"}
{"customer_id": "C24", "basket": [{"product_id": "P51", "price": 1927}], "date_of_purchase": "2019-02-13 10:31:00"}
{"customer_id": "C25", "basket": [{"product_id": "P46", "price": 838}, {"product_id": "P44", "price": 31}], "date_of_purchase": "2019-02-13 17:08:00"}
{"customer_id": "C32", "basket": [{"product_id": "P62", "price": 1237}], "date_of_purchase": "2019-02-13 17:51:00"}
{"customer_id": "C36", "basket": [{"product_id": "P33", "price": 1708}], "date_of_purchase": "2019-02-13 23:13:00"}
{"customer_id": "C39", "basket": [{"product_id": "P64", "price": 493}, {"product_id": "P63", "price": 229}], "date_of_purchase": "2019-02-13 08:23:00"}
{"customer_id": "C46", "basket": [{"product_id": "P34", "price": 802}, {"product_id": "P22", "price": 231}, {"product_id": "P30", "price": 1226}], "date_of_purchase": "2019-02-13 20:18:00"}
{"customer_id": "C48", "basket": [{"product_id": "P39", "price": 206}, {"product_id": "P35", "price": 1}, {"product_id": "P37", "price": 1853}], "date_of_purchase": "2019-02-13 19:11:00"}
{"customer_id": "C55", "basket": [{"product_id": "P19", "price": 1426}], "date_of_purchase": "2019-02-13 09:02:00"}
{"customer_id": "C60", "basket": [{"product_id": "P31", "price": 563}, {"product_id": "P31", "price": 1742}], "date_of_purchase": "2019-02-13 13:04:00"}
{"customer_id": "C86", "basket": [{"product_id": "P42", "price": 1530}, {"product_id": "P42", "price": 1155}], "date_of_purchase": "2019-02-13 16:47:00"}
{"customer_id": "C90", "basket": [{"product_id": "P35", "price": 647}, {"product_id": "P36", "price": 455}], "date_of_purchase": "2019-02-13 04:14:00"}
{"customer_id": "C103", "basket": [{"product_id": "P59", "price": 549}, {"product_id": "P46", "price": 1587}, {"product_id": "P52", "price": 296}], "date_of_purchase": "2019-02-13 15:53:00"}
{"customer_id": "C108", "basket": [{"product_id": "P61", "price": 95}, {"product_id": "P62", "price": 252}, {"product_id": "P62", "price": 1710}], "date_of_purchase": "2019-02-13 09:51:00"}
{"customer_id": "C113", "basket": [{"product_id": "P64", "price": 20}, {"product_id": "P63", "price": 334}, {"product_id": "P63", "price": 649}], "date_of_purchase": "2019-02-13 13:35:00"}
{"customer_id": "C114", "basket": [{"product_id": "P54", "price": 1998}, {"product_id": "P53", "price": 1593}], "date_of_purchase": "2019-02-13 03:09:00"}
{"customer_id": "C126", "basket": [{"product_id": "P44", "price": 1983}, {"product_id": "P60", "price": 1941}], "date_of_purchase": "2019-02-13 05:27:00"}
{"customer_id": "C130", "basket": [{"product_id": "P58", "price": 85}, {"product_id": "P54", "price": 1134}], "date_of_purchase": "2019-02-13 06:01:00"}
