{"customer_id": "C11", "basket": [{"product_id": "P12", "price": 1222}], "date_of_purchase": "2019-01-01 07:53:00"}
{"customer_id": "C15", "basket": [{"product_id": "P37", "price": 1770}, {"product_id": "P36", "price": 894}], "date_of_purchase": "2019-01-01 09:35:00"}
{"customer_id": "C28", "basket": [{"product_id": "P33", "price": 1698}, {"product_id": "P22", "price": 1589}], "date_of_purchase": "2019-01-01 08:00:00"}
{"customer_id": "C34", "basket": [{"product_id": "P64", "price": 1800}, {"product_id": "P62", "price": 397}, {"product_id": "P62", "price": 128}], "date_of_purchase": "2019-01-01 14:36:00"}
{"customer_id": "C38", "basket": [{"product_id": "P64", "price": 1781}, {"product_id": "P61", "price": 373}], "date_of_purchase": "2019-01-01 04:42:00"}
{"customer_id": "C43", "basket": [{"product_id": "P56", "price": 1083}], "date_of_purchase": "2019-01-01 16:59:00"}
{"customer_id": "C50", "basket": [{"product_id": "P39", "price": 908}, {"product_id": "P37", "price": 1529}], "date_of_purchase": "2019-01-01 23:10:00"}
{"customer_id": "C53", "basket": [{"product_id": "P35", "price": 1601}], "date_of_purchase": "2019-01-01 06:45:00"}
{"customer_id": "C65", "basket": [{"product_id": "P31", "price": 1293}, {"product_id": "P24", "price": 1807}], "date_of_purchase": "2019-01-01 18:47:00"}
{"customer_id": "C76", "basket": [{"product_id": "P23", "price": 1382}], "date_of_purchase": "2019-01-01 23:31:00"}
{"customer_id": "C114", "basket": [{"product_id": "P51", "price": 1476}, {"product_id": "P51", "price": 1281}, {"product_id": "P59", "price": 1983}], "date_of_purchase": "2019-01-01 17:48:00"}
{"customer_id": "C120", "basket": [{"product_id": "P25", "price": 551}], "date_of_purchase": "2019-01-01 14:12:00"}
{"customer_id": "C129", "basket": [{"product_id": "P05", "price": 260}, {"product_id": "P11", "price": 721}, {"product_id": "P06", "price": 796}], "date_of_purchase": "2019-01-01 04:06:00"}
