{"customer_id": "C20", "basket": [{"product_id": "P09", "price": 248}], "date_of_purchase": "2019-01-18 20:58:00"}
{"customer_id": "C24", "basket": [{"product_id": "P46", "price": 1796}, {"product_id": "P57", "price": 1423}], "date_of_purchase": "2019-01-18 05:57:00"}
{"customer_id": "C26", "basket": [{"product_id": "P46", "price": 1645}, {"product_id": "P47", "price": 1793}, {"product_id": "P41", "price": 222}], "date_of_purchase": "2019-01-18 11:37:00"}
{"customer_id": "C28", "basket": [{"product_id": "P16", "price": 1834}, {"product_id": "P17", "price": 169}], "date_of_purchase": "2019-01-18 09:57:00"}
{"customer_id": "C33", "basket": [{"product_id": "P41", "price": 1845}, {"product_id": "P47", "price": 933}, {"product_id": "P43", "price": 1490}], "date_of_purchase": "2019-01-18 08:59:00"}
{"customer_id": "C35", "basket": [{"product_id": "P61", "price": 1626}, {"product_id": "P63", "price": 1155}, {"product_id": "P61", "price": 156}], "date_of_purchase": "2019-01-18 04:15:00"}
{"customer_id": "C38", "basket": [{"product_id": "P35", "price": 1424}], "date_of_purchase": "2019-01-18 22:56:00"}
{"customer_id": "C41", "basket": [{"product_id": "P29", "price": 289}, {"product_id": "P34", "price": 1169}, {"product_id": "P32", "price": 632}], "date_of_purchase": "2019-01-18 05:53:00"}
{"customer_id": "C49", "basket": [{"product_id": "P63", "price": 629}], "date_of_purchase": "2019-01-18 19:10:00"}
{"customer_id": "C54", "basket": [{"product_id": "P09", "price": 203}], "date_of_purchase": "2019-01-18 10:35:00"}
{"customer_id": "C55", "basket": [{"product_id": "P23", "price": 704}, {"product_id": "P32", "price": 245}], "date_of_purchase": "2019-01-18 22:23:00"}
{"customer_id": "C56", "basket": [{"product_id": "P08", "price": 1892}, {"product_id": "P09", "price": 1119}, {"product_id": "P12", "price": 1363}], "date_of_purchase": "2019-01-18 11:27:00"}
{"customer_id": "C60", "basket": [{"product_id": "P22", "price": 983}, {"product_id": "P34", "price": 434}, {"product_id": "P22", "price": 936}], "date_of_purchase": "2019-01-18 15:22:00"}
{"customer_id": "C61", "basket": [{"product_id": "P06", "price": 1019}], "date_of_purchase": "2019-01-18 02:56:00"}
{"customer_id": "C72", "basket": [{"product_id": "P53", "price": 1377}, {"product_id": "P59", "price": 1169}, {"product_id": "P55", "price": 1003}], "date_of_purchase": "2019-01-18 15:27:00"}
{"customer_id": "C88", "basket": [{"product_id": "P35", "price": 1061}, {"product_id": "P39", "price": 30}], "date_of_purchase": "2019-01-18 05:26:00"}
{"customer_id": "C98", "basket": [{"product_id": "P64", "price": 1927}, {"product_id": "P64", "price": 166}], "date_of_purchase": "2019-01-18 14:39:00"}
{"customer_id": "C101", "basket": [{"product_id": "P09", "price": 392}, {"product_id": "P11", "price": 1557}, {"product_id": "P08", "price": 194}], "date_of_purchase": "2019-01-18 20:50:00"}
{"customer_id": "C105", "basket": [{"product_id": "P58", "price": 988}, {"product_id": "P41", "price": 1429}, {"product_id": "P54", "price": 1594}], "date_of_purchase": "2019-01-18 18:45:00"}
{"customer_id": "C112", "basket": [{"product_id": "P08", "price": 87}, {"product_id": "P09", "price": 1897}], "date_of_purchase": "2019-01-18 18:22:00"}
{"customer_id": "C115", "basket": [{"product_id": "P34", "price": 1755}], "date_of_purchase": "2019-01-18 10:17:00"}
{"customer_id": "C117", "basket": [{"product_id": "P61", "price": 1906}, {"product_id": "P63", "price": 1737}, {"product_id": "P61", "price": 1953}], "date_of_purchase": "2019-01-18 09:12:00"}
{"customer_id": "C123", "basket": [{"product_id": "P51", "price": 823}, {"product_id": "P42", "price": 1405}, {"product_id": "P54", "price": 560}], "date_of_purchase": "2019-01-18 17:03:00"}
{"customer_id": "C124", "basket": [{"product_id": "P23", "price": 530}, {"product_id": "P22", "price": 526}, {"product_id": "P23", "price": 665}], "date_of_purchase": "2019-01-18 23:09:00"}
{"customer_id": "C130", "basket": [{"product_id": "P47", "price": 1345}], "date_of_purchase": "2019-01-18 23:24:00"}
{"customer_id": "C133", "basket": [{"product_id": "P36", "price": 1359}, {"product_id": "P40", "price": 568}], "date_of_purchase": "2019-01-18 06:36:00"}
