{"customer_id": "C5", "basket": [{"product_id": "P05", "price": 127}, {"product_id": "P04", "price": 1613}], "date_of_purchase": "2019-01-19 15:18:00"}
{"customer_id": "C9", "basket": [{"product_id": "P45", "price": 758}, {"product_id": "P44", "price": 1859}], "date_of_purchase": "2019-01-19 12:53:00"}
{"customer_id": "C10", "basket": [{"product_id": "P29", "price": 177}, {"product_id": "P30", "price": 807}], "date_of_purchase": "2019-01-19 23:28:00"}
{"customer_id": "C31", "basket": [{"product_id": "P26", "price": 1904}, {"product_id": "P33", "price": 32}], "date_of_purchase": "2019-01-19 23:58:00"}
{"customer_id": "C32", "basket": [{"product_id": "P40", "price": 439}, {"product_id": "P40", "price": 85}, {"product_id": "P38", "price": 1189}], "date_of_purchase": "2019-01-19 08:42:00"}
{"customer_id": "C43", "basket": [{"product_id": "P17", "price": 335}, {"product_id": "P19", "price": 1915}, {"product_id": "P20", "price": 1992}], "date_of_purchase": "2019-01-19 12:55:00"}
{"customer_id": "C47", "basket": [{"product_id": "P53", "price": 1923}, {"product_id": "P43", "price": 418}, {"product_id": "P46", "price": 595}], "date_of_purchase": "2019-01-19 21:14:00"}
{"customer_id": "C48", "basket": [{"product_id": "P03", "price": 1700}], "date_of_purchase": "2019-01-19 07:23:00"}
{"customer_id": "C50", "basket": [{"product_id": "P11", "price": 1465}, {"product_id": "P03", "price": 1330}], "date_of_purchase": "2019-01-19 20:41:00"}
{"customer_id": "C56", "basket": [{"product_id": "P09", "price": 847}, {"product_id": "P02", "price": 327}, {"product_id": "P01", "price": 942}], "date_of_purchase": "2019-01-19 10:33:00"}
{"customer_id": "C57", "basket": [{"product_id": "P09", "price": 1496}, {"product_id": "P01", "price": 457}], "date_of_purchase": "2019-01-19 16:43:00"}
{"customer_id": "C64", "basket": [{"product_id": "P39", "price": 1798}, {"product_id": "P37", "price": 626}, {"product_id": "P39", "price": 1171}], "date_of_purchase": "2019-01-19 04:30:00"}
{"customer_id": "C69", "basket": [{"product_id": "P30", "price": 355}, {"product_id": "P27", "price": 1914}], "date_of_purchase": "2019-01-19 19:11:00"}
{"customer_id": "C73", "basket": [{"product_id": "P42", "price": 1383}], "date_of_purchase": "2019-01-19 09:34:00"}
{"customer_id": "C74", "basket": [{"product_id": "P11", "price": 152}, {"product_id": "P03", "price": 1910}], "date_of_purchase": "2019-01-19 21:29:00"}
{"customer_id": "C87", "basket": [{"product_id": "P01", "price": 1942}, {"product_id": "P12", "price": 1729}], "date_of_purchase": "2019-01-19 20:04:00"}
{"customer_id": "C95", "basket": [{"product_id": "P23", "price": 1992}], "date_of_purchase": "2019-01-19 05:34:00"}
{"customer_id": "C97", "basket": [{"product_id": "P61", "price": 149}], "date_of_purchase": "2019-01-19 17:56:00"}
{"customer_id": "C107", "basket": [{"product_id": "P33", "price": 966}, {"product_id": "P24", "price": 1964}], "date_of_purchase": "2019-01-19 11:50:00"}
{"customer_id": "C113", "basket": [{"product_id": "P32", "price": 1204}, {"product_id": "P34", "price": 735}], "date_of_purchase": "2019-01-19 03:18:00"}
{"customer_id": "C114", "basket": [{"product_id": "P44", "price": 644}], "date_of_purchase": "2019-01-19 13:02:00"}
{"customer_id": "C115", "basket": [{"product_id": "P25", "price": 152}, {"product_id": "P22", "price": 140}], "date_of_purchase": "2019-01-19 14:33:00"}
{"customer_id": "C116", "basket": [{"product_id": "P11", "price": 681}, {"product_id": "P03", "price": 1199}, {"product_id": "P10", "price": 1022}], "date_of_purchase": "2019-01-19 23:01:00"}
{"customer_id": "C117", "basket": [{"product_id": "P63", "price": 421}, {"product_id": "P63", "price": 62}], "date_of_purchase": "2019-01-19 20:42:00"}
{"customer_id": "C131", "basket": [{"product_id": "P56", "price": 755}, {"product_id": "P43", "price": 1715}, {"product_id": "P53", "price": 1020}], "date_of_purchase": "2019-01-19 21:48:00"}
