{"customer_id": "C1", "basket": [{"product_id": "P25", "price": 541}, {"product_id": "P22", "price": 598}], "date_of_purchase": "2018-12-16 04:00:00"}
{"customer_id": "C3", "basket": [{"product_id": "P20", "price": 83}], "date_of_purchase": "2018-12-16 04:46:00"}
{"customer_id": "C5", "basket": [{"product_id": "P10", "price": 1027}, {"product_id": "P08", "price": 1844}, {"product_id": "P09", "price": 1228}], "date_of_purchase": "2018-12-16 14:04:00"}
{"customer_id": "C9", "basket": [{"product_id": "P26", "price": 115}, {"product_id": "P28", "price": 737}], "date_of_purchase": "2018-12-16 10:53:00"}
{"customer_id": "C18", "basket": [{"product_id": "P38", "price": 666}, {"product_id": "P38", "price": 97}], "date_of_purchase": "2018-12-16 10:07:00"}
{"customer_id": "C19", "basket": [{"product_id": "P63", "price": 790}, {"product_id": "P64", "price": 1104}], "date_of_purchase": "2018-12-16 04:06:00"}
{"customer_id": "C27", "basket": [{"product_id": "P35", "price": 98}], "date_of_purchase": "2018-12-16 22:05:00"}
{"customer_id": "C34", "basket": [{"product_id": "P42", "price": 24}, {"product_id": "P49", "price": 1098}, {"product_id": "P57", "price": 498}], "date_of_purchase": "2018-12-16 18:05:00"}
{"customer_id": "C36", "basket": [{"product_id": "P07", "price": 1333}, {"product_id": "P11", "price": 270}], "date_of_purchase": "2018-12-16 11:42:00"}
{"customer_id": "C37", "basket": [{"product_id": "P63", "price": 664}], "date_of_purchase": "2018-12-16 08:42:00"}
{"customer_id": "C42", "basket": [{"product_id": "P48", "price": 12}, {"product_id": "P48", "price": 1087}, {"product_id": "P42", "price": 142}], "date_of_purchase": "2018-12-16 09:01:00"}
{"customer_id": "C43", "basket": [{"product_id": "P09", "price": 1035}, {"product_id": "P11", "price": 1520}, {"product_id": "P06", "price": 1734}], "date_of_purchase": "2018-12-16 19:52:00"}
{"customer_id": "C54", "basket": [{"product_id": "P26", "price": 836}, {"product_id": "P26", "price": 160}, {"product_id": "P30", "price": 561}], "date_of_purchase": "2018-12-16 05:05:00"}
{"customer_id": "C56", "basket": [{"product_id": "P11", "price": 1476}, {"product_id": "P02", "price": 1893}, {"product_id": "P12", "price": 425}], "date_of_purchase": "2018-12-16 17:10:00"}
{"customer_id": "C60", "basket": [{"product_id": "P25", "price": 1524}, {"product_id": "P31", "price": 1217}, {"product_id": "P29", "price": 1184}], "date_of_purchase": "2018-12-16 20:16:00"}
{"customer_id": "C63", "basket": [{"product_id": "P31", "price": 77}, {"product_id": "P34", "price": 1006}], "date_of_purchase": "2018-12-16 07:42:00"}
{"customer_id": "C82", "basket": [{"product_id": "P44", "price": 201}, {"product_id": "P53", "price": 1365}], "date_of_purchase": "2018-12-16 12:16:00"}
{"customer_id": "C89", "basket": [{"product_id": "P35", "price": 1648}], "date_of_purchase": "2018-12-16 15:48:00"}
{"customer_id": "C96", "basket": [{"product_id": "P25", "price": 773}, {"product_id": "P28", "price": 303}], "date_of_purchase": "2018-12-16 06:49:00"}
{"customer_id": "C98", "basket": [{"product_id": "P36", "price": 704}, {"product_id": "P40", "price": 1919}, {"product_id": "P40", "price": 394}], "date_of_purchase": "2018-12-16 09:24:00"}
{"customer_id": "C113", "basket": [{"product_id": "P31", "price": 588}, {"product_id": "P25", "price": 850}, {"product_id": "P32", "price": 1025}], "date_of_purchase": "2018-12-16 06:02:00"}
{"customer_id": "C115", "basket": [{"product_id": "P34", "price": 409}, {"product_id": "P26", "price": 825}], "date_of_purchase": "2018-12-16 06:48:00"}
{"customer_id": "C119", "basket": [{"product_id": "P36", "price": 1862}], "date_of_purchase": "2018-12-16 21:20:00"}
{"customer_id": "C120", "basket": [{"product_id": "P47", "price": 22}, {"product_id": "P54", "price": 11}], "date_of_purchase": "2018-12-16 10:18:00"}
{"customer_id": "C123", "basket": [{"product_id": "P25", "price": 1595}, {"product_id": "P29", "price": 1316}, {"product_id": "P25", "price": 168}], "date_of_purchase": "2018-12-16 08:17:00"}
{"customer_id": "C127", "basket": [{"product_id": "P38", "price": 1445}, {"product_id": "P39", "price": 13}, {"product_id": "P37", "price": 1974}], "date_of_purchase": "2018-12-16 04:49:00"}
{"customer_id": "C129", "basket": [{"product_id": "P06", "price": 945}], "date_of_purchase": "2018-12-16 18:13:00"}
{"customer_id": "C130", "basket": [{"product_id": "P41", "price": 1954}], "date_of_purchase": "2018-12-16 21:21:00"}
{"customer_id": "C135", "basket": [{"product_id": "P55", "price": 1206}, {"product_id": "P59", "price": 1511}, {"product_id": "P41", "price": 563}], "date_of_purchase": "2018-12-16 03:10:00"}
