{"customer_id": "C2", "basket": [{"product_id": "P29", "price": 699}], "date_of_purchase": "2018-12-30 17:38:00"}
{"customer_id": "C4", "basket": [{"product_id": "P01", "price": 434}, {"product_id": "P11", "price": 1790}, {"product_id": "P08", "price": 986}], "date_of_purchase": "2018-12-30 19:06:00"}
{"customer_id": "C8", "basket": [{"product_id": "P54", "price": 1135}, {"product_id": "P55", "price": 592}, {"product_id": "P57", "price": 664}], "date_of_purchase": "2018-12-30 19:01:00"}
{"customer_id": "C11", "basket": [{"product_id": "P06", "price": 985}], "date_of_purchase": "2018-12-30 20:37:00"}
{"customer_id": "C21", "basket": [{"product_id": "P15", "price": 1453}, {"product_id": "P20", "price": 1520}], "date_of_purchase": "2018-12-30 10:09:00"}
{"customer_id": "C24", "basket": [{"product_id": "P52", "price": 1049}, {"product_id": "P44", "price": 686}, {"product_id": "P59", "price": 350}], "date_of_purchase": "2018-12-30 03:57:00"}
{"customer_id": "C29", "basket": [{"product_id": "P04", "price": 510}, {"product_id": "P07", "price": 2000}, {"product_id": "P08", "price": 551}], "date_of_purchase": "2018-12-30 03:29:00"}
{"customer_id": "C37", "basket": [{"product_id": "P30", "price": 1248}, {"product_id": "P26", "price": 1803}], "date_of_purchase": "2018-12-30 12:31:00"}
{"customer_id": "C62", "basket": [{"product_id": "P36", "price": 1492}, {"product_id": "P37", "price": 784}, {"product_id": "P39", "price": 549}], "date_of_purchase": "2018-12-30 19:46:00"}
{"customer_id": "C65", "basket": [{"product_id": "P23", "price": 628}, {"product_id": "P26", "price": 663}], "date_of_purchase": "2018-12-30 12:00:00"}
{"customer_id": "C79", "basket": [{"product_id": "P38", "price": 623}, {"product_id": "P37", "price": 1391}], "date_of_purchase": "2018-12-30 02:55:00"}
{"customer_id": "C81", "basket": [{"product_id": "P46", "price": 466}, {"product_id": "P56", "price": 1735}], "date_of_purchase": "2018-12-30 22:59:00"}
{"customer_id": "C85", "basket": [{"product_id": "P44", "price": 110}, {"product_id": "P50", "price": 457}], "date_of_purchase": "2018-12-30 23:30:00"}
{"customer_id": "C98", "basket": [{"product_id": "P38", "price": 1495}], "date_of_purchase": "2018-12-30 20:27:00"}
{"customer_id": "C106", "basket": [{"product_id": "P38", "price": 1151}, {"product_id": "P38", "price": 1803}, {"product_id": "P40", "price": 1747}], "date_of_purchase": "2018-12-30 23:35:00"}
{"customer_id": "C111", "basket": [{"product_id": "P63", "price": 665}], "date_of_purchase": "2018-12-30 15:55:00"}
{"customer_id": "C114", "basket": [{"product_id": "P56", "price": 32}], "date_of_purchase": "2018-12-30 12:35:00"}
{"customer_id": "C115", "basket": [{"product_id": "P24", "price": 1784}, {"product_id": "P27", "price": 1964}], "date_of_purchase": "2018-12-30 06:55:00"}
{"customer_id": "C117", "basket": [{"product_id": "P64", "price": 1087}], "date_of_purchase": "2018-12-30 22:44:00"}
{"customer_id": "C124", "basket": [{"product_id": "P34", "price": 1415}, {"product_id": "P23", "price": 111}], "date_of_purchase": "2018-12-30 15:17:00"}
{"customer_id": "C125", "basket": [{"product_id": "P40", "price": 189}], "date_of_purchase": "2018-12-30 05:13:00"}
{"customer_id": "C127", "basket": [{"product_id": "P35", "price": 1852}], "date_of_purchase": "2018-12-30 18:20:00"}
{"customer_id": "C136", "basket": [{"product_id": "P03", "price": 603}], "date_of_purchase": "2018-12-30 05:10:00"}
