{"customer_id": "C4", "basket": [{"product_id": "P12", "price": 226}, {"product_id": "P04", "price": 337}], "date_of_purchase": "2018-12-17 03:34:00"}
{"customer_id": "C11", "basket": [{"product_id": "P61", "price": 333}, {"product_id": "P64", "price": 1286}, {"product_id": "P63", "price": 114}], "date_of_purchase": "2018-12-17 08:16:00"}
{"customer_id": "C15", "basket": [{"product_id": "P36", "price": 1210}], "date_of_purchase": "2018-12-17 11:07:00"}
{"customer_id": "C21", "basket": [{"product_id": "P04", "price": 1843}], "date_of_purchase": "2018-12-17 13:17:00"}
{"customer_id": "C24", "basket": [{"product_id": "P41", "price": 1585}], "date_of_purchase": "2018-12-17 19:27:00"}
{"customer_id": "C25", "basket": [{"product_id": "P63", "price": 1719}], "date_of_purchase": "2018-12-17 22:15:00"}
{"customer_id": "C29", "basket": [{"product_id": "P12", "price": 1292}, {"product_id": "P03", "price": 200}], "date_of_purchase": "2018-12-17 16:27:00"}
{"customer_id": "C32", "basket": [{"product_id": "P64", "price": 183}], "date_of_purchase": "2018-12-17 04:32:00"}
{"customer_id": "C34", "basket": [{"product_id": "P42", "price": 716}, {"product_id": "P54", "price": 1227}, {"product_id": "P52", "price": 1254}], "date_of_purchase": "2018-12-17 14:00:00"}
{"customer_id": "C47", "basket": [{"product_id": "P60", "price": 1989}, {"product_id": "P47", "price": 1290}, {"product_id": "P56", "price": 1983}], "date_of_purchase": "2018-12-17 18:45:00"}
{"customer_id": "C59", "basket": [{"product_id": "P49", "price": 1478}, {"product_id": "P54", "price": 296}, {"product_id": "P44", "price": 1496}], "date_of_purchase": "2018-12-17 08:12:00"}
{"customer_id": "C63", "basket": [{"product_id": "P38", "price": 340}, {"product_id": "P37", "price": 1474}, {"product_id": "P37", "price": 1894}], "date_of_purchase": "2018-12-17 16:08:00"}
{"customer_id": "C65", "basket": [{"product_id": "P63", "price": 284}, {"product_id": "P64", "price": 1301}], "date_of_purchase": "2018-12-17 15:26:00"}
{"customer_id": "C68", "basket": [{"product_id": "P22", "price": 518}], "date_of_purchase": "2018-12-17 23:30:00"}
{"customer_id": "C73", "basket": [{"product_id": "P58", "price": 979}, {"product_id": "P47", "price": 1814}, {"product_id": "P47", "price": 516}], "date_of_purchase": "2018-12-17 12:57:00"}
{"customer_id": "C80", "basket": [{"product_id": "P35", "price": 1913}], "date_of_purchase": "2018-12-17 15:29:00"}
{"customer_id": "C85", "basket": [{"product_id": "P42", "price": 499}, {"product_id": "P42", "price": 992}, {"product_id": "P56", "price": 1582}], "date_of_purchase": "2018-12-17 21:19:00"}
{"customer_id": "C94", "basket": [{"product_id": "P43", "price": 943}, {"product_id": "P56", "price": 1060}, {"product_id": "P56", "price": 1978}], "date_of_purchase": "2018-12-17 14:45:00"}
{"customer_id": "C95", "basket": [{"product_id": "P37", "price": 1071}], "date_of_purchase": "2018-12-17 11:22:00"}
{"customer_id": "C105", "basket": [{"product_id": "P48", "price": 1641}, {"product_id": "P42", "price": 1759}], "date_of_purchase": "2018-12-17 03:07:00"}
{"customer_id": "C107", "basket": [{"product_id": "P64", "price": 601}, {"product_id": "P62", "price": 460}, {"product_id": "P62", "price": 50}], "date_of_purchase": "2018-12-17 17:05:00"}
{"customer_id": "C121", "basket": [{"product_id": "P34", "price": 1790}, {"product_id": "P29", "price": 424}], "date_of_purchase": "2018-12-17 19:38:00"}
{"customer_id": "C126", "basket": [{"product_id": "P59", "price": 1097}, {"product_id": "P47", "price": 716}, {"product_id": "P41", "price": 163}], "date_of_purchase": "2018-12-17 12:29:00"}
{"customer_id": "C129", "basket": [{"product_id": "P04", "price": 1051}, {"product_id": "P01", "price": 1221}, {"product_id": "P05", "price": 1288}], "date_of_purchase": "2018-12-17 07:14:00"}
{"customer_id": "C130", "basket": [{"product_id": "P63", "price": 1387}, {"product_id": "P64", "price": 249}, {"product_id": "P61", "price": 707}], "date_of_purchase": "2018-12-17 23:03:00"}
{"customer_id": "C135", "basket": [{"product_id": "P41", "price": 1499}, {"product_id": "P60", "price": 588}], "date_of_purchase": "2018-12-17 14:11:00"}
{"customer_id": "C137", "basket": [{"product_id": "P24", "price": 1629}], "date_of_purchase": "2018-12-17 12:31:00"}
