{"customer_id": "C11", "basket": [{"product_id": "P41", "price": 1015}, {"product_id": "P43", "price": 993}, {"product_id": "P42", "price": 472}], "date_of_purchase": "2019-01-13 07:07:00"}
{"customer_id": "C15", "basket": [{"product_id": "P60", "price": 775}], "date_of_purchase": "2019-01-13 08:46:00"}
{"customer_id": "C16", "basket": [{"product_id": "P48", "price": 1787}, {"product_id": "P52", "price": 1548}], "date_of_purchase": "2019-01-13 23:34:00"}
{"customer_id": "C23", "basket": [{"product_id": "P50", "price": 1367}], "date_of_purchase": "2019-01-13 21:11:00"}
{"customer_id": "C24", "basket": [{"product_id": "P59", "price": 1924}, {"product_id": "P48", "price": 74}, {"product_id": "P42", "price": 1111}], "date_of_purchase": "2019-01-13 10:12:00"}
{"customer_id": "C29", "basket": [{"product_id": "P26", "price": 1341}, {"product_id": "P30", "price": 1789}, {"product_id": "P32", "price": 1616}], "date_of_purchase": "2019-01-13 06:41:00"}
{"customer_id": "C32", "basket": [{"product_id": "P64", "price": 1461}], "date_of_purchase": "2019-01-13 18:06:00"}
{"customer_id": "C42", "basket": [{"product_id": "P54", "price": 1364}, {"product_id": "P46", "price": 1346}], "date_of_purchase": "2019-01-13 16:39:00"}
{"customer_id": "C43", "basket": [{"product_id": "P41", "price": 999}], "date_of_purchase": "2019-01-13 05:48:00"}
{"customer_id": "C44", "basket": [{"product_id": "P35", "price": 1558}, {"product_id": "P38", "price": 655}], "date_of_purchase": "2019-01-13 15:56:00"}
{"customer_id": "C52", "basket": [{"product_id": "P40", "price": 282}, {"product_id": "P38", "price": 1063}], "date_of_purchase": "2019-01-13 11:01:00"}
{"customer_id": "C55", "basket": [{"product_id": "P25", "price": 490}, {"product_id": "P26", "price": 1764}, {"product_id": "P22", "price": 709}], "date_of_purchase": "2019-01-13 23:11:00"}
{"customer_id": "C65", "basket": [{"product_id": "P37", "price": 882}], "date_of_purchase": "2019-01-13 07:16:00"}
{"customer_id": "C66", "basket": [{"product_id": "P40", "price": 120}, {"product_id": "P35", "price": 542}], "date_of_purchase": "2019-01-13 10:09:00"}
{"customer_id": "C77", "basket": [{"product_id": "P38", "price": 921}, {"product_id": "P35", "price": 1160}], "date_of_purchase": "2019-01-13 18:53:00"}
{"customer_id": "C78", "basket": [{"product_id": "P32", "price": 637}], "date_of_purchase": "2019-01-13 04:23:00"}
{"customer_id": "C96", "basket": [{"product_id": "P34", "price": 777}, {"product_id": "P32", "price": 1159}], "date_of_purchase": "2019-01-13 20:49:00"}
{"customer_id": "C102", "basket": [{"product_id": "P03", "price": 399}], "date_of_purchase": "2019-01-13 13:34:00"}
{"customer_id": "C112", "basket": [{"product_id": "P37", "price": 1608}], "date_of_purchase": "2019-01-13 05:11:00"}
{"customer_id": "C113", "basket": [{"product_id": "P62", "price": 173}], "date_of_purchase": "2019-01-13 18:40:00"}
{"customer_id": "C129", "basket": [{"product_id": "P01", "price": 779}, {"product_id": "P08", "price": 468}, {"product_id": "P02", "price": 1178}], "date_of_purchase": "2019-01-13 16:09:00"}
{"customer_id": "C130", "basket": [{"product_id": "P48", "price": 1947}], "date_of_purchase": "2019-01-13 07:31:00"}
