{"customer_id": "C9", "basket": [{"product_id": "P08", "price": 1249}], "date_of_purchase": "2019-01-22 03:04:00"}
{"customer_id": "C11", "basket": [{"product_id": "P44", "price": 820}], "date_of_purchase": "2019-01-22 17:13:00"}
{"customer_id": "C13", "basket": [{"product_id": "P38", "price": 544}, {"product_id": "P39", "price": 1656}, {"product_id": "P40", "price": 501}], "date_of_purchase": "2019-01-22 17:43:00"}
{"customer_id": "C16", "basket": [{"product_id": "P32", "price": 1595}, {"product_id": "P24", "price": 1332}, {"product_id": "P34", "price": 1220}], "date_of_purchase": "2019-01-22 11:19:00"}
{"customer_id": "C21", "basket": [{"product_id": "P09", "price": 1490}, {"product_id": "P12", "price": 572}, {"product_id": "P06", "price": 1238}], "date_of_purchase": "2019-01-22 04:48:00"}
{"customer_id": "C23", "basket": [{"product_id": "P02", "price": 1567}, {"product_id": "P06", "price": 1837}], "date_of_purchase": "2019-01-22 17:47:00"}
{"customer_id": "C28", "basket": [{"product_id": "P32", "price": 1824}], "date_of_purchase": "2019-01-22 19:38:00"}
{"customer_id": "C29", "basket": [{"product_id": "P22", "price": 1008}], "date_of_purchase": "2019-01-22 07:32:00"}
{"customer_id": "C30", "basket": [{"product_id": "P61", "price": 781}, {"product_id": "P61", "price": 999}, {"product_id": "P61", "price": 494}], "date_of_purchase": "2019-01-22 22:06:00"}
{"customer_id": "C34", "basket": [{"product_id": "P41", "price": 1294}], "date_of_purchase": "2019-01-22 10:14:00"}
{"customer_id": "C37", "basket": [{"product_id": "P26", "price": 361}, {"product_id": "P27", "price": 1047}, {"product_id": "P31", "price": 749}], "date_of_purchase": "2019-01-22 19:19:00"}
{"customer_id": "C53", "basket": [{"product_id": "P39", "price": 1678}], "date_of_purchase": "2019-01-22 21:44:00"}
{"customer_id": "C56", "basket": [{"product_id": "P08", "price": 1045}, {"product_id": "P08", "price": 1602}, {"product_id": "P07", "price": 1464}], "date_of_purchase": "2019-01-22 21:01:00"}
{"customer_id": "C58", "basket": [{"product_id": "P53", "price": 147}, {"product_id": "P49", "price": 477}], "date_of_purchase": "2019-01-22 18:20:00"}
{"customer_id": "C67", "basket": [{"product_id": "P24", "price": 488}], "date_of_purchase": "2019-01-22 23:11:00"}
{"customer_id": "C91", "basket": [{"product_id": "P40", "price": 1124}, {"product_id": "P36", "price": 1189}], "date_of_purchase": "2019-01-22 20:07:00"}
{"customer_id": "C93", "basket": [{"product_id": "P50", "price": 730}, {"product_id": "P49", "price": 1838}], "date_of_purchase": "2019-01-22 17:19:00"}
{"customer_id": "C94", "basket": [{"product_id": "P51", "price": 356}, {"product_id": "P51", "price": 1714}, {"product_id": "P43", "price": 294}], "date_of_purchase": "2019-01-22 09:51:00"}
{"customer_id": "C105", "basket": [{"product_id": "P44", "price": 1755}], "date_of_purchase": "2019-01-22 04:23:00"}
{"customer_id": "C130", "basket": [{"product_id": "P62", "price": 977}, {"product_id": "P61", "price": 361}, {"product_id": "P63", "price": 1549}], "date_of_purchase": "2019-01-22 19:19:00"}
{"customer_id": "C132", "basket": [{"product_id": "P42", "price": 871}], "date_of_purchase": "2019-01-22 20:18:00"}
{"customer_id": "C134", "basket": [{"product_id": "P26", "price": 635}, {"product_id": "P25", "price": 1617}, {"product_id": "P31", "price": 1973}], "date_of_purchase": "2019-01-22 23:55:00"}
{"customer_id": "C137", "basket": [{"product_id": "P25", "price": 555}, {"product_id": "P27", "price": 687}, {"product_id": "P32", "price": 1736}], "date_of_purchase": "2019-01-22 23:12:00"}
