{"customer_id": "C1", "basket": [{"product_id": "P14", "price": 1309}, {"product_id": "P18", "price": 555}, {"product_id": "P15", "price": 1304}], "date_of_purchase": "2019-01-14 14:27:00"}
{"customer_id": "C4", "basket": [{"product_id": "P38", "price": 1131}, {"product_id": "P35", "price": 1242}], "date_of_purchase": "2019-01-14 18:04:00"}
{"customer_id": "C12", "basket": [{"product_id": "P30", "price": 1986}, {"product_id": "P30", "price": 1590}, {"product_id": "P30", "price": 1061}], "date_of_purchase": "2019-01-14 15:09:00"}
{"customer_id": "C18", "basket": [{"product_id": "P15", "price": 1247}], "date_of_purchase": "2019-01-14 15:08:00"}
{"customer_id": "C22", "basket": [{"product_id": "P36", "price": 1334}], "date_of_purchase": "2019-01-14 17:02:00"}
{"customer_id": "C28", "basket": [{"product_id": "P30", "price": 272}], "date_of_purchase": "2019-01-14 13:20:00"}
{"customer_id": "C32", "basket": [{"product_id": "P64", "price": 437}], "date_of_purchase": "2019-01-14 08:09:00"}
{"customer_id": "C36", "basket": [{"product_id": "P37", "price": 745}, {"product_id": "P36", "price": 1524}], "date_of_purchase": "2019-01-14 20:39:00"}
{"customer_id": "C55", "basket": [{"product_id": "P38", "price": 278}], "date_of_purchase": "2019-01-14 03:12:00"}
{"customer_id": "C65", "basket": [{"product_id": "P62", "price": 829}, {"product_id": "P64", "price": 692}, {"product_id": "P62", "price": 1645}], "date_of_purchase": "2019-01-14 03:41:00"}
{"customer_id": "C76", "basket": [{"product_id": "P48", "price": 1816}], "date_of_purchase": "2019-01-14 21:04:00"}
{"customer_id": "C80", "basket": [{"product_id": "P39", "price": 1718}, {"product_id": "P40", "price": 534}, {"product_id": "P39", "price": 1211}], "date_of_purchase": "2019-01-14 02:59:00"}
{"customer_id": "C99", "basket": [{"product_id": "P34", "price": 547}], "date_of_purchase": "2019-01-14 18:20:00"}
{"customer_id": "C102", "basket": [{"product_id": "P37", "price": 212}, {"product_id": "P40", "price": 86}], "date_of_purchase": "2019-01-14 07:41:00"}
{"customer_id": "C110", "basket": [{"product_id": "P38", "price": 707}, {"product_id": "P37", "price": 116}], "date_of_purchase": "2019-01-14 08:26:00"}
{"customer_id": "C113", "basket": [{"product_id": "P61", "price": 601}], "date_of_purchase": "2019-01-14 07:52:00"}
{"customer_id": "C117", "basket": [{"product_id": "P62", "price": 649}], "date_of_purchase": "2019-01-14 15:35:00"}
{"customer_id": "C118", "basket": [{"product_id": "P28", "price": 1981}], "date_of_purchase": "2019-01-14 05:42:00"}
{"customer_id": "C120", "basket": [{"product_id": "P24", "price": 758}, {"product_id": "P32", "price": 700}, {"product_id": "P28", "price": 466}], "date_of_purchase": "2019-01-14 12:46:00"}
{"customer_id": "C123", "basket": [{"product_id": "P10", "price": 1852}, {"product_id": "P08", "price": 1294}], "date_of_purchase": "2019-01-14 12:32:00"}
{"customer_id": "C126", "basket": [{"product_id": "P43", "price": 1534}, {"product_id": "P42", "price": 307}], "date_of_purchase": "2019-01-14 09:46:00"}
