{"customer_id": "C1", "basket": [{"product_id": "P05", "price": 922}, {"product_id": "P08", "price": 113}], "date_of_purchase": "2019-02-14 07:22:00"}
{"customer_id": "C6", "basket": [{"product_id": "P21", "price": 1399}], "date_of_purchase": "2019-02-14 07:57:00"}
{"customer_id": "C8", "basket": [{"product_id": "P27", "price": 1430}, {"product_id": "P25", "price": 519}], "date_of_purchase": "2019-02-14 09:55:00"}
{"customer_id": "C13", "basket": [{"product_id": "P38", "price": 914}], "date_of_purchase": "2019-02-14 16:07:00"}
{"customer_id": "C21", "basket": [{"product_id": "P28", "price": 698}], "date_of_purchase": "2019-02-14 07:45:00"}
{"customer_id": "C25", "basket": [{"product_id": "P60", "price": 254}], "date_of_purchase": "2019-02-14 06:30:00"}
{"customer_id": "C28", "basket": [{"product_id": "P29", "price": 190}, {"product_id": "P30", "price": 248}, {"product_id": "P31", "price": 92}], "date_of_purchase": "2019-02-14 05:53:00"}
{"customer_id": "C29", "basket": [{"product_id": "P02", "price": 1787}, {"product_id": "P02", "price": 832}, {"product_id": "P03", "price": 1076}], "date_of_purchase": "2019-02-14 17:34:00"}
{"customer_id": "C30", "basket": [{"product_id": "P63", "price": 1438}, {"product_id": "P64", "price": 511}, {"product_id": "P62", "price": 1255}], "date_of_purchase": "2019-02-14 08:38:00"}
{"customer_id": "C39", "basket": [{"product_id": "P63", "price": 1333}, {"product_id": "P62", "price": 1875}, {"product_id": "P62", "price": 455}], "date_of_purchase": "2019-02-14 19:50:00"}
{"customer_id": "C46", "basket": [{"product_id": "P23", "price": 1745}, {"product_id": "P22", "price": 645}, {"product_id": "P31", "price": 743}], "date_of_purchase": "2019-02-14 11:25:00"}
{"customer_id": "C47", "basket": [{"product_id": "P55", "price": 672}, {"product_id": "P55", "price": 351}], "date_of_purchase": "2019-02-14 15:02:00"}
{"customer_id": "C70", "basket": [{"product_id": "P12", "price": 1993}, {"product_id": "P07", "price": 1727}], "date_of_purchase": "2019-02-14 10:58:00"}
{"customer_id": "C73", "basket": [{"product_id": "P60", "price": 1573}, {"product_id": "P59", "price": 1749}], "date_of_purchase": "2019-02-14 18:07:00"}
{"customer_id": "C76", "basket": [{"product_id": "P61", "price": 166}, {"product_id": "P62", "price": 1031}], "date_of_purchase": "2019-02-14 22:17:00"}
{"customer_id": "C79", "basket": [{"product_id": "P57", "price": 1543}, {"product_id": "P42", "price": 676}, {"product_id": "P55", "price": 288}], "date_of_purchase": "2019-02-14 10:42:00"}
{"customer_id": "C82", "basket": [{"product_id": "P54", "price": 874}], "date_of_purchase": "2019-02-14 11:19:00"}
{"customer_id": "C84", "basket": [{"product_id": "P63", "price": 1183}, {"product_id": "P64", "price": 721}, {"product_id": "P63", "price": 1276}], "date_of_purchase": "2019-02-14 11:02:00"}
{"customer_id": "C94", "basket": [{"product_id": "P39", "price": 533}], "date_of_purchase": "2019-02-14 10:40:00"}
{"customer_id": "C113", "basket": [{"product_id": "P33", "price": 945}], "date_of_purchase": "2019-02-14 17:35:00"}
{"customer_id": "C125", "basket": [{"product_id": "P09", "price": 1336}, {"product_id": "P10", "price": 1115}], "date_of_purchase": "2019-02-14 05:41:00"}
{"customer_id": "C129", "basket": [{"product_id": "P02", "price": 1336}, {"product_id": "P11", "price": 1895}], "date_of_purchase": "2019-02-14 21:16:00"}
{"customer_id": "C133", "basket": [{"product_id": "P37", "price": 125}, {"product_id": "P39", "price": 847}, {"product_id": "P37", "price": 1234}], "date_of_purchase": "2019-02-14 11:51:00"}
{"customer_id": "C134", "basket": [{"product_id": "P61", "price": 638}], "date_of_purchase": "2019-02-14 06:48:00"}
