{"customer_id": "C8", "basket": [{"product_id": "P24", "price": 438}, {"product_id": "P33", "price": 1838}, {"product_id": "P28", "price": 15}], "date_of_purchase": "2019-02-09 12:57:00"}
{"customer_id": "C13", "basket": [{"product_id": "P39", "price": 451}, {"product_id": "P37", "price": 1909}], "date_of_purchase": "2019-02-09 22:22:00"}
{"customer_id": "C21", "basket": [{"product_id": "P31", "price": 1172}, {"product_id": "P25", "price": 1682}, {"product_id": "P24", "price": 302}], "date_of_purchase": "2019-02-09 07:57:00"}
{"customer_id": "C22", "basket": [{"product_id": "P37", "price": 1844}], "date_of_purchase": "2019-02-09 22:26:00"}
{"customer_id": "C31", "basket": [{"product_id": "P47", "price": 1434}], "date_of_purchase": "2019-02-09 03:58:00"}
{"customer_id": "C33", "basket": [{"product_id": "P34", "price": 726}, {"product_id": "P31", "price": 665}], "date_of_purchase": "2019-02-09 19:06:00"}
{"customer_id": "C37", "basket": [{"product_id": "P64", "price": 695}, {"product_id": "P62", "price": 1223}, {"product_id": "P63", "price": 215}], "date_of_purchase": "2019-02-09 09:26:00"}
{"customer_id": "C39", "basket": [{"product_id": "P64", "price": 624}, {"product_id": "P64", "price": 112}], "date_of_purchase": "2019-02-09 12:43:00"}
{"customer_id": "C43", "basket": [{"product_id": "P20", "price": 937}, {"product_id": "P21", "price": 890}], "date_of_purchase": "2019-02-09 19:54:00"}
{"customer_id": "C60", "basket": [{"product_id": "P30", "price": 394}], "date_of_purchase": "2019-02-09 17:15:00"}
{"customer_id": "C64", "basket": [{"product_id": "P38", "price": 1830}, {"product_id": "P38", "price": 978}], "date_of_purchase": "2019-02-09 09:52:00"}
{"customer_id": "C66", "basket": [{"product_id": "P37", "price": 510}, {"product_id": "P35", "price": 970}], "date_of_purchase": "2019-02-09 07:27:00"}
{"customer_id": "C96", "basket": [{"product_id": "P32", "price": 1187}, {"product_id": "P29", "price": 1836}, {"product_id": "P27", "price": 1398}], "date_of_purchase": "2019-02-09 08:07:00"}
{"customer_id": "C97", "basket": [{"product_id": "P62", "price": 1795}], "date_of_purchase": "2019-02-09 02:52:00"}
{"customer_id": "C99", "basket": [{"product_id": "P23", "price": 1136}, {"product_id": "P31", "price": 225}], "date_of_purchase": "2019-02-09 16:26:00"}
{"customer_id": "C102", "basket": [{"product_id": "P01", "price": 1594}, {"product_id": "P03", "price": 1830}], "date_of_purchase": "2019-02-09 19:23:00"}
{"customer_id": "C105", "basket": [{"product_id": "P46", "price": 1223}, {"product_id": "P47", "price": 1046}], "date_of_purchase": "2019-02-09 15:53:00"}
{"customer_id": "C112", "basket": [{"product_id": "P39", "price": 1914}], "date_of_purchase": "2019-02-09 19:11:00"}
{"customer_id": "C114", "basket": [{"product_id": "P49", "price": 1519}], "date_of_purchase": "2019-02-09 05:02:00"}
{"customer_id": "C120", "basket": [{"product_id": "P52", "price": 1082}, {"product_id": "P48", "price": 1936}, {"product_id": "P43", "price": 1674}], "date_of_purchase": "2019-02-09 11:13:00"}
{"customer_id": "C131", "basket": [{"product_id": "P52", "price": 118}, {"product_id": "P46", "price": 1587}, {"product_id": "P41", "price": 1123}], "date_of_purchase": "2019-02-09 06:38:00"}
{"customer_id": "C133", "basket": [{"product_id": "P39", "price": 1040}], "date_of_purchase": "2019-02-09 12:34:00"}
{"customer_id": "C134", "basket": [{"product_id": "P48", "price": 1728}, {"product_id": "P53", "price": 595}], "date_of_purchase": "2019-02-09 18:39:00"}
