{"customer_id": "C1", "basket": [{"product_id": "P03", "price": 221}, {"product_id": "P11", "price": 1967}], "date_of_purchase": "2018-12-04 15:31:00"}
{"customer_id": "C22", "basket": [{"product_id": "P46", "price": 968}, {"product_id": "P47", "price": 1308}, {"product_id": "P49", "price": 3}], "date_of_purchase": "2018-12-04 20:13:00"}
{"customer_id": "C25", "basket": [{"product_id": "P62", "price": 1372}], "date_of_purchase": "2018-12-04 16:04:00"}
{"customer_id": "C26", "basket": [{"product_id": "P50", "price": 448}], "date_of_purchase": "2018-12-04 19:38:00"}
{"customer_id": "C29", "basket": [{"product_id": "P25", "price": 349}], "date_of_purchase": "2018-12-04 14:41:00"}
{"customer_id": "C34", "basket": [{"product_id": "P51", "price": 579}], "date_of_purchase": "2018-12-04 21:56:00"}
{"customer_id": "C37", "basket": [{"product_id": "P28", "price": 947}, {"product_id": "P33", "price": 1252}], "date_of_purchase": "2018-12-04 22:36:00"}
{"customer_id": "C38", "basket": [{"product_id": "P31", "price": 1080}], "date_of_purchase": "2018-12-04 08:57:00"}
{"customer_id": "C40", "basket": [{"product_id": "P38", "price": 1219}, {"product_id": "P39", "price": 1319}], "date_of_purchase": "2018-12-04 11:51:00"}
{"customer_id": "C55", "basket": [{"product_id": "P29", "price": 1436}, {"product_id": "P25", "price": 614}], "date_of_purchase": "2018-12-04 11:59:00"}
{"customer_id": "C58", "basket": [{"product_id": "P29", "price": 1789}, {"product_id": "P32", "price": 1516}], "date_of_purchase": "2018-12-04 18:34:00"}
{"customer_id": "C64", "basket": [{"product_id": "P30", "price": 1203}], "date_of_purchase": "2018-12-04 05:45:00"}
{"customer_id": "C70", "basket": [{"product_id": "P14", "price": 1732}, {"product_id": "P13", "price": 139}], "date_of_purchase": "2018-12-04 18:44:00"}
{"customer_id": "C73", "basket": [{"product_id": "P46", "price": 247}, {"product_id": "P59", "price": 315}, {"product_id": "P42", "price": 1491}], "date_of_purchase": "2018-12-04 12:32:00"}
{"customer_id": "C75", "basket": [{"product_id": "P61", "price": 1947}], "date_of_purchase": "2018-12-04 03:33:00"}
{"customer_id": "C84", "basket": [{"product_id": "P39", "price": 1830}, {"product_id": "P37", "price": 1129}, {"product_id": "P40", "price": 1656}], "date_of_purchase": "2018-12-04 08:54:00"}
{"customer_id": "C87", "basket": [{"product_id": "P04", "price": 1592}, {"product_id": "P03", "price": 1436}], "date_of_purchase": "2018-12-04 15:13:00"}
{"customer_id": "C90", "basket": [{"product_id": "P29", "price": 1879}, {"product_id": "P25", "price": 972}, {"product_id": "P23", "price": 1261}], "date_of_purchase": "2018-12-04 14:29:00"}
{"customer_id": "C96", "basket": [{"product_id": "P27", "price": 838}, {"product_id": "P22", "price": 928}], "date_of_purchase": "2018-12-04 06:09:00"}
{"customer_id": "C99", "basket": [{"product_id": "P25", "price": 667}, {"product_id": "P23", "price": 1183}], "date_of_purchase": "2018-12-04 13:11:00"}
{"customer_id": "C103", "basket": [{"product_id": "P52", "price": 1134}, {"product_id": "P54", "price": 1985}, {"product_id": "P46", "price": 1366}], "date_of_purchase": "2018-12-04 10:51:00"}
{"customer_id": "C105", "basket": [{"product_id": "P57", "price": 696}, {"product_id": "P56", "price": 1515}, {"product_id": "P56", "price": 343}], "date_of_purchase": "2018-12-04 10:31:00"}
{"customer_id": "C107", "basket": [{"product_id": "P55", "price": 395}], "date_of_purchase": "2018-12-04 08:50:00"}
{"customer_id": "C108", "basket": [{"product_id": "P39", "price": 695}, {"product_id": "P39", "price": 1351}], "date_of_purchase": "2018-12-04 12:20:00"}
{"customer_id": "C120", "basket": [{"product_id": "P38", "price": 1566}], "date_of_purchase": "2018-12-04 07:09:00"}
{"customer_id": "C126", "basket": [{"product_id": "P39", "price": 411}, {"product_id": "P37", "price": 226}, {"product_id": "P37", "price": 1874}], "date_of_purchase": "2018-12-04 10:40:00"}
{"customer_id": "C129", "basket": [{"product_id": "P05", "price": 1935}], "date_of_purchase": "2018-12-04 05:37:00"}
{"customer_id": "C130", "basket": [{"product_id": "P09", "price": 547}], "date_of_purchase": "2018-12-04 15:52:00"}
