{"customer_id": "C13", "basket": [{"product_id": "P36", "price": 1878}], "date_of_purchase": "2019-02-23 07:08:00"}
{"customer_id": "C23", "basket": [{"product_id": "P34", "price": 1829}, {"product_id": "P28", "price": 1378}, {"product_id": "P22", "price": 489}], "date_of_purchase": "2019-02-23 19:45:00"}
{"customer_id": "C29", "basket": [{"product_id": "P23", "price": 851}, {"product_id": "P26", "price": 106}, {"product_id": "P33", "price": 123}], "date_of_purchase": "2019-02-23 23:21:00"}
{"customer_id": "C32", "basket": [{"product_id": "P49", "price": 972}], "date_of_purchase": "2019-02-23 02:56:00"}
{"customer_id": "C33", "basket": [{"product_id": "P33", "price": 1616}, {"product_id": "P24", "price": 1619}, {"product_id": "P27", "price": 670}], "date_of_purchase": "2019-02-23 10:54:00"}
{"customer_id": "C34", "basket": [{"product_id": "P34", "price": 904}], "date_of_purchase": "2019-02-23 05:26:00"}
{"customer_id": "C42", "basket": [{"product_id": "P36", "price": 1595}, {"product_id": "P39", "price": 1110}], "date_of_purchase": "2019-02-23 12:41:00"}
{"customer_id": "C70", "basket": [{"product_id": "P59", "price": 1193}, {"product_id": "P52", "price": 151}], "date_of_purchase": "2019-02-23 18:27:00"}
{"customer_id": "C81", "basket": [{"product_id": "P47", "price": 731}, {"product_id": "P45", "price": 1855}, {"product_id": "P52", "price": 1480}], "date_of_purchase": "2019-02-23 10:05:00"}
{"customer_id": "C105", "basket": [{"product_id": "P44", "price": 375}, {"product_id": "P51", "price": 1776}], "date_of_purchase": "2019-02-23 16:01:00"}
{"customer_id": "C108", "basket": [{"product_id": "P38", "price": 1096}, {"product_id": "P35", "price": 39}], "date_of_purchase": "2019-02-23 22:52:00"}
{"customer_id": "C120", "basket": [{"product_id": "P47", "price": 1073}, {"product_id": "P59", "price": 840}, {"product_id": "P56", "price": 333}], "date_of_purchase": "2019-02-23 06:46:00"}
{"customer_id": "C135", "basket": [{"product_id": "P41", "price": 135}, {"product_id": "P52", "price": 1635}], "date_of_purchase": "2019-02-23 04:50:00"}
