{"customer_id": "C2", "basket": [{"product_id": "P23", "price": 1077}, {"product_id": "P22", "price": 478}, {"product_id": "P25", "price": 269}], "date_of_purchase": "2019-03-01 19:44:00"}
{"customer_id": "C13", "basket": [{"product_id": "P40", "price": 353}, {"product_id": "P36", "price": 199}, {"product_id": "P35", "price": 900}], "date_of_purchase": "2019-03-01 21:41:00"}
{"customer_id": "C15", "basket": [{"product_id": "P12", "price": 1692}, {"product_id": "P11", "price": 115}], "date_of_purchase": "2019-03-01 06:50:00"}
{"customer_id": "C16", "basket": [{"product_id": "P32", "price": 563}, {"product_id": "P34", "price": 1572}], "date_of_purchase": "2019-03-01 13:46:00"}
{"customer_id": "C30", "basket": [{"product_id": "P23", "price": 1375}, {"product_id": "P26", "price": 3}, {"product_id": "P24", "price": 739}], "date_of_purchase": "2019-03-01 22:05:00"}
{"customer_id": "C39", "basket": [{"product_id": "P61", "price": 1513}], "date_of_purchase": "2019-03-01 19:39:00"}
{"customer_id": "C40", "basket": [{"product_id": "P63", "price": 229}, {"product_id": "P64", "price": 958}], "date_of_purchase": "2019-03-01 14:48:00"}
{"customer_id": "C41", "basket": [{"product_id": "P32", "price": 1251}], "date_of_purchase": "2019-03-01 05:07:00"}
{"customer_id": "C42", "basket": [{"product_id": "P34", "price": 1447}, {"product_id": "P29", "price": 1581}, {"product_id": "P27", "price": 964}], "date_of_purchase": "2019-03-01 06:46:00"}
{"customer_id": "C43", "basket": [{"product_id": "P06", "price": 1268}, {"product_id": "P12", "price": 1381}], "date_of_purchase": "2019-03-01 14:40:00"}
{"customer_id": "C44", "basket": [{"product_id": "P37", "price": 885}, {"product_id": "P35", "price": 266}], "date_of_purchase": "2019-03-01 18:22:00"}
{"customer_id": "C47", "basket": [{"product_id": "P56", "price": 1703}, {"product_id": "P60", "price": 1277}], "date_of_purchase": "2019-03-01 14:48:00"}
{"customer_id": "C60", "basket": [{"product_id": "P28", "price": 72}], "date_of_purchase": "2019-03-01 21:03:00"}
{"customer_id": "C62", "basket": [{"product_id": "P57", "price": 1488}, {"product_id": "P59", "price": 1451}], "date_of_purchase": "2019-03-01 19:00:00"}
{"customer_id": "C76", "basket": [{"product_id": "P26", "price": 1385}, {"product_id": "P33", "price": 342}], "date_of_purchase": "2019-03-01 19:12:00"}
{"customer_id": "C79", "basket": [{"product_id": "P46", "price": 1531}, {"product_id": "P49", "price": 1808}], "date_of_purchase": "2019-03-01 12:08:00"}
{"customer_id": "C86", "basket": [{"product_id": "P36", "price": 669}], "date_of_purchase": "2019-03-01 12:02:00"}
{"customer_id": "C90", "basket": [{"product_id": "P26", "price": 920}, {"product_id": "P27", "price": 1472}], "date_of_purchase": "2019-03-01 13:02:00"}
{"customer_id": "C93", "basket": [{"product_id": "P58", "price": 1280}], "date_of_purchase": "2019-03-01 13:28:00"}
{"customer_id": "C95", "basket": [{"product_id": "P26", "price": 109}, {"product_id": "P34", "price": 655}], "date_of_purchase": "2019-03-01 20:55:00"}
{"customer_id": "C99", "basket": [{"product_id": "P22", "price": 21}], "date_of_purchase": "2019-03-01 06:33:00"}
{"customer_id": "C101", "basket": [{"product_id": "P04", "price": 607}, {"product_id": "P12", "price": 61}], "date_of_purchase": "2019-03-01 21:15:00"}
{"customer_id": "C103", "basket": [{"product_id": "P55", "price": 1311}, {"product_id": "P58", "price": 334}, {"product_id": "P60", "price": 262}], "date_of_purchase": "2019-03-01 21:40:00"}
{"customer_id": "C123", "basket": [{"product_id": "P01", "price": 1334}, {"product_id": "P01", "price": 609}], "date_of_purchase": "2019-03-01 13:05:00"}
{"customer_id": "C131", "basket": [{"product_id": "P28", "price": 842}, {"product_id": "P27", "price": 1995}], "date_of_purchase": "2019-03-01 09:07:00"}
{"customer_id": "C134", "basket": [{"product_id": "P33", "price": 314}, {"product_id": "P32", "price": 1770}, {"product_id": "P32", "price": 1415}], "date_of_purchase": "2019-03-01 14:14:00"}
