{"customer_id": "C8", "basket": [{"product_id": "P25", "price": 1025}], "date_of_purchase": "2019-02-10 10:30:00"}
{"customer_id": "C10", "basket": [{"product_id": "P23", "price": 1283}, {"product_id": "P32", "price": 794}, {"product_id": "P34", "price": 1126}], "date_of_purchase": "2019-02-10 05:37:00"}
{"customer_id": "C12", "basket": [{"product_id": "P34", "price": 1059}, {"product_id": "P23", "price": 1245}, {"product_id": "P33", "price": 1715}], "date_of_purchase": "2019-02-10 23:42:00"}
{"customer_id": "C18", "basket": [{"product_id": "P21", "price": 1907}, {"product_id": "P20", "price": 724}, {"product_id": "P18", "price": 562}], "date_of_purchase": "2019-02-10 11:42:00"}
{"customer_id": "C19", "basket": [{"product_id": "P63", "price": 374}], "date_of_purchase": "2019-02-10 05:10:00"}
{"customer_id": "C20", "basket": [{"product_id": "P43", "price": 1793}, {"product_id": "P59", "price": 1874}, {"product_id": "P52", "price": 206}], "date_of_purchase": "2019-02-10 20:02:00"}
{"customer_id": "C23", "basket": [{"product_id": "P28", "price": 415}, {"product_id": "P28", "price": 735}], "date_of_purchase": "2019-02-10 20:51:00"}
{"customer_id": "C31", "basket": [{"product_id": "P28", "price": 271}, {"product_id": "P22", "price": 1056}, {"product_id": "P28", "price": 1914}], "date_of_purchase": "2019-02-10 15:28:00"}
{"customer_id": "C32", "basket": [{"product_id": "P63", "price": 261}, {"product_id": "P63", "price": 1788}], "date_of_purchase": "2019-02-10 12:45:00"}
{"customer_id": "C34", "basket": [{"product_id": "P33", "price": 791}, {"product_id": "P29", "price": 162}], "date_of_purchase": "2019-02-10 14:30:00"}
{"customer_id": "C39", "basket": [{"product_id": "P63", "price": 1231}, {"product_id": "P64", "price": 648}], "date_of_purchase": "2019-02-10 03:10:00"}
{"customer_id": "C42", "basket": [{"product_id": "P37", "price": 1775}, {"product_id": "P38", "price": 1159}, {"product_id": "P38", "price": 343}], "date_of_purchase": "2019-02-10 19:03:00"}
{"customer_id": "C49", "basket": [{"product_id": "P61", "price": 1307}, {"product_id": "P62", "price": 583}], "date_of_purchase": "2019-02-10 14:42:00"}
{"customer_id": "C60", "basket": [{"product_id": "P30", "price": 1091}], "date_of_purchase": "2019-02-10 17:39:00"}
{"customer_id": "C72", "basket": [{"product_id": "P58", "price": 840}], "date_of_purchase": "2019-02-10 23:11:00"}
{"customer_id": "C73", "basket": [{"product_id": "P63", "price": 158}, {"product_id": "P63", "price": 1954}, {"product_id": "P61", "price": 505}], "date_of_purchase": "2019-02-10 06:03:00"}
{"customer_id": "C80", "basket": [{"product_id": "P36", "price": 994}, {"product_id": "P36", "price": 1524}], "date_of_purchase": "2019-02-10 22:14:00"}
{"customer_id": "C89", "basket": [{"product_id": "P30", "price": 95}], "date_of_purchase": "2019-02-10 10:43:00"}
{"customer_id": "C102", "basket": [{"product_id": "P51", "price": 112}], "date_of_purchase": "2019-02-10 14:31:00"}
{"customer_id": "C105", "basket": [{"product_id": "P59", "price": 63}], "date_of_purchase": "2019-02-10 22:16:00"}
{"customer_id": "C116", "basket": [{"product_id": "P09", "price": 1984}], "date_of_purchase": "2019-02-10 21:27:00"}
{"customer_id": "C130", "basket": [{"product_id": "P45", "price": 767}, {"product_id": "P41", "price": 1645}], "date_of_purchase": "2019-02-10 02:58:00"}
{"customer_id": "C132", "basket": [{"product_id": "P28", "price": 1136}, {"product_id": "P30", "price": 1728}], "date_of_purchase": "2019-02-10 20:44:00"}
