{"customer_id": "C12", "basket": [{"product_id": "P28", "price": 230}], "date_of_purchase": "2019-01-24 10:12:00"}
{"customer_id": "C36", "basket": [{"product_id": "P62", "price": 1862}, {"product_id": "P61", "price": 200}, {"product_id": "P64", "price": 1940}], "date_of_purchase": "2019-01-24 22:36:00"}
{"customer_id": "C38", "basket": [{"product_id": "P32", "price": 1440}, {"product_id": "P33", "price": 739}], "date_of_purchase": "2019-01-24 05:45:00"}
{"customer_id": "C40", "basket": [{"product_id": "P35", "price": 111}, {"product_id": "P37", "price": 15}, {"product_id": "P35", "price": 1565}], "date_of_purchase": "2019-01-24 05:35:00"}
{"customer_id": "C41", "basket": [{"product_id": "P61", "price": 352}, {"product_id": "P62", "price": 559}, {"product_id": "P63", "price": 750}], "date_of_purchase": "2019-01-24 11:14:00"}
{"customer_id": "C47", "basket": [{"product_id": "P58", "price": 1965}, {"product_id": "P50", "price": 1219}, {"product_id": "P45", "price": 740}], "date_of_purchase": "2019-01-24 08:26:00"}
{"customer_id": "C50", "basket": [{"product_id": "P08", "price": 398}, {"product_id": "P07", "price": 871}, {"product_id": "P02", "price": 1903}], "date_of_purchase": "2019-01-24 08:26:00"}
{"customer_id": "C56", "basket": [{"product_id": "P02", "price": 1721}], "date_of_purchase": "2019-01-24 19:51:00"}
{"customer_id": "C62", "basket": [{"product_id": "P33", "price": 1847}, {"product_id": "P24", "price": 1404}], "date_of_purchase": "2019-01-24 16:18:00"}
{"customer_id": "C65", "basket": [{"product_id": "P31", "price": 1139}, {"product_id": "P34", "price": 1538}, {"product_id": "P33", "price": 496}], "date_of_purchase": "2019-01-24 06:01:00"}
{"customer_id": "C66", "basket": [{"product_id": "P24", "price": 1906}], "date_of_purchase": "2019-01-24 12:58:00"}
{"customer_id": "C76", "basket": [{"product_id": "P47", "price": 329}, {"product_id": "P51", "price": 1058}, {"product_id": "P53", "price": 1351}], "date_of_purchase": "2019-01-24 21:09:00"}
{"customer_id": "C79", "basket": [{"product_id": "P36", "price": 1020}, {"product_id": "P35", "price": 1554}, {"product_id": "P35", "price": 577}], "date_of_purchase": "2019-01-24 07:23:00"}
{"customer_id": "C80", "basket": [{"product_id": "P37", "price": 288}, {"product_id": "P36", "price": 626}], "date_of_purchase": "2019-01-24 05:02:00"}
{"customer_id": "C90", "basket": [{"product_id": "P43", "price": 1012}, {"product_id": "P57", "price": 18}, {"product_id": "P52", "price": 426}], "date_of_purchase": "2019-01-24 13:01:00"}
{"customer_id": "C95", "basket": [{"product_id": "P23", "price": 1951}, {"product_id": "P29", "price": 1912}, {"product_id": "P34", "price": 883}], "date_of_purchase": "2019-01-24 16:59:00"}
{"customer_id": "C97", "basket": [{"product_id": "P35", "price": 154}, {"product_id": "P39", "price": 15}], "date_of_purchase": "2019-01-24 21:52:00"}
{"customer_id": "C101", "basket": [{"product_id": "P02", "price": 148}, {"product_id": "P09", "price": 450}], "date_of_purchase": "2019-01-24 19:13:00"}
{"customer_id": "C116", "basket": [{"product_id": "P05", "price": 207}, {"product_id": "P08", "price": 1636}, {"product_id": "P05", "price": 604}], "date_of_purchase": "2019-01-24 16:29:00"}
{"customer_id": "C117", "basket": [{"product_id": "P61", "price": 1786}], "date_of_purchase": "2019-01-24 03:25:00"}
{"customer_id": "C130", "basket": [{"product_id": "P54", "price": 567}, {"product_id": "P41", "price": 920}, {"product_id": "P59", "price": 897}], "date_of_purchase": "2019-01-24 21:55:00"}
{"customer_id": "C133", "basket": [{"product_id": "P58", "price": 1195}, {"product_id": "P42", "price": 1056}, {"product_id": "P50", "price": 226}], "date_of_purchase": "2019-01-24 21:19:00"}
