{"customer_id": "C12", "basket": [{"product_id": "P22", "price": 1734}, {"product_id": "P29", "price": 1915}, {"product_id": "P27", "price": 111}], "date_of_purchase": "2019-01-16 09:29:00"}
{"customer_id": "C19", "basket": [{"product_id": "P62", "price": 1816}], "date_of_purchase": "2019-01-16 09:35:00"}
{"customer_id": "C21", "basket": [{"product_id": "P05", "price": 20}, {"product_id": "P05", "price": 1014}, {"product_id": "P07", "price": 1545}], "date_of_purchase": "2019-01-16 12:42:00"}
{"customer_id": "C22", "basket": [{"product_id": "P25", "price": 303}], "date_of_purchase": "2019-01-16 12:12:00"}
{"customer_id": "C23", "basket": [{"product_id": "P41", "price": 674}, {"product_id": "P47", "price": 229}], "date_of_purchase": "2019-01-16 11:33:00"}
{"customer_id": "C28", "basket": [{"product_id": "P17", "price": 107}, {"product_id": "P20", "price": 963}], "date_of_purchase": "2019-01-16 17:01:00"}
{"customer_id": "C30", "basket": [{"product_id": "P32", "price": 590}], "date_of_purchase": "2019-01-16 10:19:00"}
{"customer_id": "C31", "basket": [{"product_id": "P63", "price": 1961}], "date_of_purchase": "2019-01-16 16:29:00"}
{"customer_id": "C33", "basket": [{"product_id": "P39", "price": 413}, {"product_id": "P36", "price": 56}], "date_of_purchase": "2019-01-16 23:09:00"}
{"customer_id": "C42", "basket": [{"product_id": "P39", "price": 1587}], "date_of_purchase": "2019-01-16 14:29:00"}
{"customer_id": "C45", "basket": [{"product_id": "P20", "price": 337}, {"product_id": "P17", "price": 368}, {"product_id": "P14", "price": 1457}], "date_of_purchase": "2019-01-16 18:06:00"}
{"customer_id": "C65", "basket": [{"product_id": "P62", "price": 1306}], "date_of_purchase": "2019-01-16 23:16:00"}
{"customer_id": "C74", "basket": [{"product_id": "P08", "price": 1057}], "date_of_purchase": "2019-01-16 23:10:00"}
{"customer_id": "C77", "basket": [{"product_id": "P37", "price": 355}, {"product_id": "P36", "price": 35}], "date_of_purchase": "2019-01-16 22:26:00"}
{"customer_id": "C83", "basket": [{"product_id": "P20", "price": 1870}, {"product_id": "P16", "price": 1001}], "date_of_purchase": "2019-01-16 10:43:00"}
{"customer_id": "C88", "basket": [{"product_id": "P09", "price": 1251}, {"product_id": "P12", "price": 1781}, {"product_id": "P08", "price": 284}], "date_of_purchase": "2019-01-16 23:50:00"}
{"customer_id": "C89", "basket": [{"product_id": "P38", "price": 1341}, {"product_id": "P38", "price": 1007}], "date_of_purchase": "2019-01-16 06:57:00"}
{"customer_id": "C91", "basket": [{"product_id": "P35", "price": 119}, {"product_id": "P39", "price": 559}, {"product_id": "P35", "price": 1380}], "date_of_purchase": "2019-01-16 06:17:00"}
{"customer_id": "C99", "basket": [{"product_id": "P24", "price": 1731}, {"product_id": "P33", "price": 1431}, {"product_id": "P32", "price": 581}], "date_of_purchase": "2019-01-16 09:58:00"}
{"customer_id": "C110", "basket": [{"product_id": "P56", "price": 1987}, {"product_id": "P60", "price": 1351}], "date_of_purchase": "2019-01-16 14:59:00"}
{"customer_id": "C131", "basket": [{"product_id": "P49", "price": 1626}, {"product_id": "P55", "price": 1695}, {"product_id": "P48", "price": 1210}], "date_of_purchase": "2019-01-16 17:22:00"}
{"customer_id": "C137", "basket": [{"product_id": "P53", "price": 1377}], "date_of_purchase": "2019-01-16 09:51:00"}
