{"customer_id": "C3", "basket": [{"product_id": "P37", "price": 1817}, {"product_id": "P40", "price": 727}, {"product_id": "P35", "price": 1021}], "date_of_purchase": "2018-12-22 07:57:00"}
{"customer_id": "C4", "basket": [{"product_id": "P07", "price": 1283}], "date_of_purchase": "2018-12-22 12:07:00"}
{"customer_id": "C5", "basket": [{"product_id": "P06", "price": 649}, {"product_id": "P10", "price": 1047}], "date_of_purchase": "2018-12-22 14:07:00"}
{"customer_id": "C9", "basket": [{"product_id": "P31", "price": 1561}, {"product_id": "P31", "price": 1224}], "date_of_purchase": "2018-12-22 07:07:00"}
{"customer_id": "C11", "basket": [{"product_id": "P63", "price": 1693}, {"product_id": "P64", "price": 1239}], "date_of_purchase": "2018-12-22 15:26:00"}
{"customer_id": "C13", "basket": [{"product_id": "P40", "price": 1985}], "date_of_purchase": "2018-12-22 14:38:00"}
{"customer_id": "C18", "basket": [{"product_id": "P38", "price": 432}, {"product_id": "P38", "price": 870}], "date_of_purchase": "2018-12-22 06:17:00"}
{"customer_id": "C19", "basket": [{"product_id": "P61", "price": 932}, {"product_id": "P63", "price": 1333}], "date_of_purchase": "2018-12-22 09:12:00"}
{"customer_id": "C24", "basket": [{"product_id": "P59", "price": 542}, {"product_id": "P56", "price": 1877}, {"product_id": "P41", "price": 260}], "date_of_purchase": "2018-12-22 07:43:00"}
{"customer_id": "C28", "basket": [{"product_id": "P25", "price": 1065}, {"product_id": "P28", "price": 943}], "date_of_purchase": "2018-12-22 08:10:00"}
{"customer_id": "C29", "basket": [{"product_id": "P24", "price": 1480}], "date_of_purchase": "2018-12-22 11:04:00"}
{"customer_id": "C38", "basket": [{"product_id": "P36", "price": 617}, {"product_id": "P40", "price": 427}, {"product_id": "P37", "price": 1769}], "date_of_purchase": "2018-12-22 04:24:00"}
{"customer_id": "C39", "basket": [{"product_id": "P63", "price": 806}], "date_of_purchase": "2018-12-22 15:09:00"}
{"customer_id": "C40", "basket": [{"product_id": "P35", "price": 934}, {"product_id": "P39", "price": 118}, {"product_id": "P39", "price": 418}], "date_of_purchase": "2018-12-22 21:55:00"}
{"customer_id": "C55", "basket": [{"product_id": "P40", "price": 361}, {"product_id": "P36", "price": 1133}], "date_of_purchase": "2018-12-22 08:09:00"}
{"customer_id": "C61", "basket": [{"product_id": "P08", "price": 1531}], "date_of_purchase": "2018-12-22 12:44:00"}
{"customer_id": "C62", "basket": [{"product_id": "P28", "price": 974}], "date_of_purchase": "2018-12-22 17:36:00"}
{"customer_id": "C64", "basket": [{"product_id": "P16", "price": 1192}], "date_of_purchase": "2018-12-22 12:23:00"}
{"customer_id": "C65", "basket": [{"product_id": "P23", "price": 834}, {"product_id": "P28", "price": 1332}], "date_of_purchase": "2018-12-22 10:05:00"}
{"customer_id": "C70", "basket": [{"product_id": "P24", "price": 1276}, {"product_id": "P31", "price": 1890}, {"product_id": "P27", "price": 822}], "date_of_purchase": "2018-12-22 07:18:00"}
{"customer_id": "C86", "basket": [{"product_id": "P55", "price": 1395}], "date_of_purchase": "2018-12-22 08:36:00"}
{"customer_id": "C90", "basket": [{"product_id": "P47", "price": 469}], "date_of_purchase": "2018-12-22 10:27:00"}
{"customer_id": "C93", "basket": [{"product_id": "P43", "price": 1747}], "date_of_purchase": "2018-12-22 13:30:00"}
{"customer_id": "C96", "basket": [{"product_id": "P61", "price": 1071}, {"product_id": "P63", "price": 845}, {"product_id": "P62", "price": 724}], "date_of_purchase": "2018-12-22 23:31:00"}
{"customer_id": "C102", "basket": [{"product_id": "P44", "price": 232}], "date_of_purchase": "2018-12-22 15:50:00"}
{"customer_id": "C113", "basket": [{"product_id": "P24", "price": 711}], "date_of_purchase": "2018-12-22 10:49:00"}
{"customer_id": "C129", "basket": [{"product_id": "P11", "price": 805}], "date_of_purchase": "2018-12-22 06:25:00"}
{"customer_id": "C130", "basket": [{"product_id": "P23", "price": 1211}], "date_of_purchase": "2018-12-22 21:26:00"}
