{"customer_id": "C1", "basket": [{"product_id": "P29", "price": 897}], "date_of_purchase": "2019-02-17 13:57:00"}
{"customer_id": "C13", "basket": [{"product_id": "P36", "price": 1148}], "date_of_purchase": "2019-02-17 10:01:00"}
{"customer_id": "C37", "basket": [{"product_id": "P32", "price": 1508}, {"product_id": "P24", "price": 617}, {"product_id": "P33", "price": 533}], "date_of_purchase": "2019-02-17 04:03:00"}
{"customer_id": "C54", "basket": [{"product_id": "P10", "price": 534}, {"product_id": "P02", "price": 1262}, {"product_id": "P05", "price": 215}], "date_of_purchase": "2019-02-17 08:43:00"}
{"customer_id": "C55", "basket": [{"product_id": "P38", "price": 872}], "date_of_purchase": "2019-02-17 16:59:00"}
{"customer_id": "C56", "basket": [{"product_id": "P05", "price": 1179}], "date_of_purchase": "2019-02-17 20:40:00"}
{"customer_id": "C62", "basket": [{"product_id": "P60", "price": 771}, {"product_id": "P58", "price": 1203}, {"product_id": "P48", "price": 269}], "date_of_purchase": "2019-02-17 21:41:00"}
{"customer_id": "C63", "basket": [{"product_id": "P35", "price": 1387}], "date_of_purchase": "2019-02-17 18:24:00"}
{"customer_id": "C64", "basket": [{"product_id": "P32", "price": 1339}, {"product_id": "P29", "price": 697}], "date_of_purchase": "2019-02-17 18:38:00"}
{"customer_id": "C71", "basket": [{"product_id": "P45", "price": 105}, {"product_id": "P51", "price": 1760}, {"product_id": "P56", "price": 852}], "date_of_purchase": "2019-02-17 08:22:00"}
{"customer_id": "C72", "basket": [{"product_id": "P44", "price": 1049}, {"product_id": "P56", "price": 220}], "date_of_purchase": "2019-02-17 05:28:00"}
{"customer_id": "C79", "basket": [{"product_id": "P63", "price": 541}, {"product_id": "P64", "price": 1389}, {"product_id": "P63", "price": 788}], "date_of_purchase": "2019-02-17 12:03:00"}
{"customer_id": "C81", "basket": [{"product_id": "P54", "price": 1874}], "date_of_purchase": "2019-02-17 22:29:00"}
{"customer_id": "C86", "basket": [{"product_id": "P36", "price": 1602}], "date_of_purchase": "2019-02-17 20:46:00"}
{"customer_id": "C92", "basket": [{"product_id": "P39", "price": 89}, {"product_id": "P37", "price": 431}], "date_of_purchase": "2019-02-17 08:12:00"}
{"customer_id": "C98", "basket": [{"product_id": "P38", "price": 899}, {"product_id": "P36", "price": 792}], "date_of_purchase": "2019-02-17 12:52:00"}
{"customer_id": "C102", "basket": [{"product_id": "P37", "price": 679}, {"product_id": "P36", "price": 1882}, {"product_id": "P40", "price": 1043}], "date_of_purchase": "2019-02-17 13:18:00"}
{"customer_id": "C122", "basket": [{"product_id": "P31", "price": 583}, {"product_id": "P28", "price": 981}, {"product_id": "P26", "price": 1435}], "date_of_purchase": "2019-02-17 12:57:00"}
{"customer_id": "C123", "basket": [{"product_id": "P48", "price": 395}, {"product_id": "P54", "price": 589}], "date_of_purchase": "2019-02-17 06:24:00"}
{"customer_id": "C124", "basket": [{"product_id": "P36", "price": 1655}, {"product_id": "P38", "price": 1670}], "date_of_purchase": "2019-02-17 17:28:00"}
{"customer_id": "C133", "basket": [{"product_id": "P60", "price": 1291}], "date_of_purchase": "2019-02-17 14:40:00"}
