{"customer_id": "C3", "basket": [{"product_id": "P13", "price": 433}], "date_of_purchase": "2018-12-28 20:08:00"}
{"customer_id": "C5", "basket": [{"product_id": "P45", "price": 410}], "date_of_purchase": "2018-12-28 09:32:00"}
{"customer_id": "C8", "basket": [{"product_id": "P57", "price": 590}], "date_of_purchase": "2018-12-28 12:53:00"}
{"customer_id": "C10", "basket": [{"product_id": "P30", "price": 424}, {"product_id": "P34", "price": 1420}], "date_of_purchase": "2018-12-28 20:48:00"}
{"customer_id": "C13", "basket": [{"product_id": "P38", "price": 399}, {"product_id": "P35", "price": 752}], "date_of_purchase": "2018-12-28 11:27:00"}
{"customer_id": "C21", "basket": [{"product_id": "P02", "price": 1214}, {"product_id": "P07", "price": 181}, {"product_id": "P05", "price": 201}], "date_of_purchase": "2018-12-28 04:20:00"}
{"customer_id": "C22", "basket": [{"product_id": "P39", "price": 357}, {"product_id": "P36", "price": 891}, {"product_id": "P37", "price": 10}], "date_of_purchase": "2018-12-28 07:22:00"}
{"customer_id": "C28", "basket": [{"product_id": "P33", "price": 1659}, {"product_id": "P28", "price": 1170}, {"product_id": "P25", "price": 1144}], "date_of_purchase": "2018-12-28 03:35:00"}
{"customer_id": "C29", "basket": [{"product_id": "P30", "price": 183}, {"product_id": "P30", "price": 569}, {"product_id": "P22", "price": 122}], "date_of_purchase": "2018-12-28 14:47:00"}
{"customer_id": "C31", "basket": [{"product_id": "P48", "price": 480}, {"product_id": "P43", "price": 1372}, {"product_id": "P58", "price": 1950}], "date_of_purchase": "2018-12-28 20:52:00"}
{"customer_id": "C36", "basket": [{"product_id": "P23", "price": 644}], "date_of_purchase": "2018-12-28 23:14:00"}
{"customer_id": "C37", "basket": [{"product_id": "P64", "price": 675}, {"product_id": "P64", "price": 894}, {"product_id": "P64", "price": 1327}], "date_of_purchase": "2018-12-28 04:40:00"}
{"customer_id": "C38", "basket": [{"product_id": "P23", "price": 212}, {"product_id": "P25", "price": 1090}, {"product_id": "P27", "price": 1726}], "date_of_purchase": "2018-12-28 09:17:00"}
{"customer_id": "C41", "basket": [{"product_id": "P63", "price": 468}, {"product_id": "P64", "price": 253}], "date_of_purchase": "2018-12-28 03:19:00"}
{"customer_id": "C46", "basket": [{"product_id": "P29", "price": 1571}, {"product_id": "P23", "price": 402}, {"product_id": "P34", "price": 184}], "date_of_purchase": "2018-12-28 17:41:00"}
{"customer_id": "C55", "basket": [{"product_id": "P23", "price": 1324}, {"product_id": "P32", "price": 84}, {"product_id": "P24", "price": 1973}], "date_of_purchase": "2018-12-28 07:13:00"}
{"customer_id": "C56", "basket": [{"product_id": "P08", "price": 1544}], "date_of_purchase": "2018-12-28 12:43:00"}
{"customer_id": "C57", "basket": [{"product_id": "P01", "price": 266}, {"product_id": "P09", "price": 274}, {"product_id": "P07", "price": 1659}], "date_of_purchase": "2018-12-28 06:05:00"}
{"customer_id": "C59", "basket": [{"product_id": "P47", "price": 1944}, {"product_id": "P45", "price": 927}], "date_of_purchase": "2018-12-28 08:12:00"}
{"customer_id": "C69", "basket": [{"product_id": "P26", "price": 28}, {"product_id": "P23", "price": 1439}], "date_of_purchase": "2018-12-28 10:09:00"}
{"customer_id": "C71", "basket": [{"product_id": "P42", "price": 740}, {"product_id": "P55", "price": 149}], "date_of_purchase": "2018-12-28 09:26:00"}
{"customer_id": "C73", "basket": [{"product_id": "P42", "price": 40}, {"product_id": "P44", "price": 821}, {"product_id": "P59", "price": 1604}], "date_of_purchase": "2018-12-28 05:14:00"}
{"customer_id": "C78", "basket": [{"product_id": "P22", "price": 1693}, {"product_id": "P34", "price": 1933}], "date_of_purchase": "2018-12-28 04:32:00"}
{"customer_id": "C83", "basket": [{"product_id": "P51", "price": 789}, {"product_id": "P46", "price": 1767}], "date_of_purchase": "2018-12-28 11:25:00"}
{"customer_id": "C96", "basket": [{"product_id": "P62", "price": 1949}, {"product_id": "P61", "price": 1931}, {"product_id": "P61", "price": 31}], "date_of_purchase": "2018-12-28 18:16:00"}
{"customer_id": "C109", "basket": [{"product_id": "P62", "price": 914}, {"product_id": "P61", "price": 584}], "date_of_purchase": "2018-12-28 12:18:00"}
{"customer_id": "C116", "basket": [{"product_id": "P09", "price": 578}, {"product_id": "P09", "price": 820}, {"product_id": "P07", "price": 1505}], "date_of_purchase": "2018-12-28 21:10:00"}
{"customer_id": "C123", "basket": [{"product_id": "P31", "price": 71}, {"product_id": "P23", "price": 1459}, {"product_id": "P32", "price": 1248}], "date_of_purchase": "2018-12-28 14:00:00"}
{"customer_id": "C128", "basket": [{"product_id": "P46", "price": 81}, {"product_id": "P54", "price": 1765}, {"product_id": "P47", "price": 184}], "date_of_purchase": "2018-12-28 05:08:00"}
{"customer_id": "C132", "basket": [{"product_id": "P31", "price": 393}, {"product_id": "P23", "price": 870}, {"product_id": "P29", "price": 1903}], "date_of_purchase": "2018-12-28 05:33:00"}
{"customer_id": "C133", "basket": [{"product_id": "P54", "price": 468}, {"product_id": "P41", "price": 835}], "date_of_purchase": "2018-12-28 18:39:00"}
{"customer_id": "C134", "basket": [{"product_id": "P64", "price": 732}, {"product_id": "P61", "price": 36}], "date_of_purchase": "2018-12-28 19:35:00"}
