{"customer_id": "C8", "basket": [{"product_id": "P27", "price": 1545}, {"product_id": "P32", "price": 1941}, {"product_id": "P27", "price": 1161}], "date_of_purchase": "2018-12-27 05:21:00"}
{"customer_id": "C9", "basket": [{"product_id": "P26", "price": 440}], "date_of_purchase": "2018-12-27 19:57:00"}
{"customer_id": "C27", "basket": [{"product_id": "P35", "price": 1799}, {"product_id": "P37", "price": 1923}], "date_of_purchase": "2018-12-27 08:29:00"}
{"customer_id": "C39", "basket": [{"product_id": "P64", "price": 1060}, {"product_id": "P63", "price": 740}], "date_of_purchase": "2018-12-27 09:06:00"}
{"customer_id": "C55", "basket": [{"product_id": "P39", "price": 336}], "date_of_purchase": "2018-12-27 22:20:00"}
{"customer_id": "C60", "basket": [{"product_id": "P23", "price": 471}, {"product_id": "P22", "price": 1081}], "date_of_purchase": "2018-12-27 09:26:00"}
{"customer_id": "C64", "basket": [{"product_id": "P29", "price": 676}, {"product_id": "P30", "price": 1695}, {"product_id": "P32", "price": 1121}], "date_of_purchase": "2018-12-27 14:47:00"}
{"customer_id": "C69", "basket": [{"product_id": "P34", "price": 305}], "date_of_purchase": "2018-12-27 06:35:00"}
{"customer_id": "C80", "basket": [{"product_id": "P36", "price": 454}, {"product_id": "P40", "price": 1213}, {"product_id": "P37", "price": 607}], "date_of_purchase": "2018-12-27 22:41:00"}
{"customer_id": "C81", "basket": [{"product_id": "P50", "price": 390}, {"product_id": "P46", "price": 820}, {"product_id": "P47", "price": 227}], "date_of_purchase": "2018-12-27 20:01:00"}
{"customer_id": "C86", "basket": [{"product_id": "P54", "price": 66}, {"product_id": "P60", "price": 40}, {"product_id": "P51", "price": 447}], "date_of_purchase": "2018-12-27 23:21:00"}
{"customer_id": "C89", "basket": [{"product_id": "P22", "price": 669}, {"product_id": "P31", "price": 251}, {"product_id": "P27", "price": 1430}], "date_of_purchase": "2018-12-27 06:07:00"}
{"customer_id": "C97", "basket": [{"product_id": "P46", "price": 934}, {"product_id": "P58", "price": 151}], "date_of_purchase": "2018-12-27 13:11:00"}
{"customer_id": "C117", "basket": [{"product_id": "P61", "price": 735}, {"product_id": "P64", "price": 1286}, {"product_id": "P61", "price": 200}], "date_of_purchase": "2018-12-27 12:32:00"}
{"customer_id": "C123", "basket": [{"product_id": "P30", "price": 1930}, {"product_id": "P32", "price": 1236}], "date_of_purchase": "2018-12-27 06:35:00"}
{"customer_id": "C129", "basket": [{"product_id": "P04", "price": 785}, {"product_id": "P01", "price": 1916}, {"product_id": "P08", "price": 825}], "date_of_purchase": "2018-12-27 17:50:00"}
{"customer_id": "C130", "basket": [{"product_id": "P63", "price": 415}], "date_of_purchase": "2018-12-27 22:08:00"}
