{"customer_id": "C6", "basket": [{"product_id": "P23", "price": 1154}, {"product_id": "P32", "price": 524}], "date_of_purchase": "2019-01-30 21:15:00"}
{"customer_id": "C15", "basket": [{"product_id": "P07", "price": 1084}, {"product_id": "P07", "price": 695}], "date_of_purchase": "2019-01-30 15:21:00"}
{"customer_id": "C22", "basket": [{"product_id": "P36", "price": 1983}, {"product_id": "P37", "price": 1553}], "date_of_purchase": "2019-01-30 17:17:00"}
{"customer_id": "C30", "basket": [{"product_id": "P24", "price": 1218}, {"product_id": "P23", "price": 1729}, {"product_id": "P26", "price": 286}], "date_of_purchase": "2019-01-30 20:23:00"}
{"customer_id": "C34", "basket": [{"product_id": "P64", "price": 1688}, {"product_id": "P63", "price": 210}], "date_of_purchase": "2019-01-30 16:53:00"}
{"customer_id": "C47", "basket": [{"product_id": "P60", "price": 309}], "date_of_purchase": "2019-01-30 23:57:00"}
{"customer_id": "C56", "basket": [{"product_id": "P12", "price": 1486}, {"product_id": "P05", "price": 1075}, {"product_id": "P08", "price": 951}], "date_of_purchase": "2019-01-30 12:51:00"}
{"customer_id": "C65", "basket": [{"product_id": "P36", "price": 233}], "date_of_purchase": "2019-01-30 05:25:00"}
{"customer_id": "C66", "basket": [{"product_id": "P49", "price": 1308}, {"product_id": "P42", "price": 1138}, {"product_id": "P46", "price": 1800}], "date_of_purchase": "2019-01-30 15:14:00"}
{"customer_id": "C69", "basket": [{"product_id": "P23", "price": 1452}], "date_of_purchase": "2019-01-30 06:49:00"}
{"customer_id": "C81", "basket": [{"product_id": "P34", "price": 1923}, {"product_id": "P27", "price": 1278}], "date_of_purchase": "2019-01-30 16:46:00"}
{"customer_id": "C87", "basket": [{"product_id": "P12", "price": 590}], "date_of_purchase": "2019-01-30 22:59:00"}
{"customer_id": "C89", "basket": [{"product_id": "P40", "price": 517}], "date_of_purchase": "2019-01-30 21:26:00"}
{"customer_id": "C90", "basket": [{"product_id": "P48", "price": 684}], "date_of_purchase": "2019-01-30 15:45:00"}
{"customer_id": "C91", "basket": [{"product_id": "P36", "price": 1607}, {"product_id": "P39", "price": 609}], "date_of_purchase": "2019-01-30 16:46:00"}
{"customer_id": "C96", "basket": [{"product_id": "P34", "price": 538}, {"product_id": "P25", "price": 881}, {"product_id": "P33", "price": 191}], "date_of_purchase": "2019-01-30 11:31:00"}
{"customer_id": "C121", "basket": [{"product_id": "P25", "price": 1698}], "date_of_purchase": "2019-01-30 08:01:00"}
{"customer_id": "C123", "basket": [{"product_id": "P06", "price": 1355}, {"product_id": "P06", "price": 767}, {"product_id": "P06", "price": 1434}], "date_of_purchase": "2019-01-30 04:16:00"}
{"customer_id": "C127", "basket": [{"product_id": "P64", "price": 390}], "date_of_purchase": "2019-01-30 12:37:00"}
{"customer_id": "C129", "basket": [{"product_id": "P10", "price": 581}], "date_of_purchase": "2019-01-30 21:47:00"}
{"customer_id": "C130", "basket": [{"product_id": "P29", "price": 842}], "date_of_purchase": "2019-01-30 20:13:00"}
{"customer_id": "C132", "basket": [{"product_id": "P26", "price": 1825}], "date_of_purchase": "2019-01-30 21:02:00"}
{"customer_id": "C136", "basket": [{"product_id": "P03", "price": 1373}], "date_of_purchase": "2019-01-30 11:42:00"}
{"customer_id": "C137", "basket": [{"product_id": "P34", "price": 66}, {"product_id": "P33", "price": 1102}, {"product_id": "P32", "price": 285}], "date_of_purchase": "2019-01-30 22:33:00"}
