{"customer_id": "C4", "basket": [{"product_id": "P06", "price": 1554}, {"product_id": "P12", "price": 278}, {"product_id": "P02", "price": 540}], "date_of_purchase": "2019-01-25 12:54:00"}
{"customer_id": "C26", "basket": [{"product_id": "P51", "price": 250}], "date_of_purchase": "2019-01-25 16:09:00"}
{"customer_id": "C28", "basket": [{"product_id": "P32", "price": 38}, {"product_id": "P30", "price": 719}], "date_of_purchase": "2019-01-25 22:33:00"}
{"customer_id": "C30", "basket": [{"product_id": "P62", "price": 1776}, {"product_id": "P63", "price": 680}, {"product_id": "P62", "price": 77}], "date_of_purchase": "2019-01-25 15:49:00"}
{"customer_id": "C34", "basket": [{"product_id": "P57", "price": 622}, {"product_id": "P43", "price": 995}], "date_of_purchase": "2019-01-25 06:30:00"}
{"customer_id": "C37", "basket": [{"product_id": "P64", "price": 1730}], "date_of_purchase": "2019-01-25 09:57:00"}
{"customer_id": "C42", "basket": [{"product_id": "P35", "price": 1992}, {"product_id": "P38", "price": 853}], "date_of_purchase": "2019-01-25 23:13:00"}
{"customer_id": "C47", "basket": [{"product_id": "P59", "price": 1800}, {"product_id": "P58", "price": 1134}, {"product_id": "P48", "price": 603}], "date_of_purchase": "2019-01-25 09:52:00"}
{"customer_id": "C56", "basket": [{"product_id": "P02", "price": 1864}], "date_of_purchase": "2019-01-25 15:10:00"}
{"customer_id": "C64", "basket": [{"product_id": "P14", "price": 493}, {"product_id": "P15", "price": 1740}, {"product_id": "P17", "price": 372}], "date_of_purchase": "2019-01-25 06:47:00"}
{"customer_id": "C65", "basket": [{"product_id": "P28", "price": 469}, {"product_id": "P29", "price": 375}], "date_of_purchase": "2019-01-25 22:42:00"}
{"customer_id": "C68", "basket": [{"product_id": "P26", "price": 1248}], "date_of_purchase": "2019-01-25 06:03:00"}
{"customer_id": "C70", "basket": [{"product_id": "P22", "price": 463}], "date_of_purchase": "2019-01-25 18:10:00"}
{"customer_id": "C74", "basket": [{"product_id": "P40", "price": 1414}, {"product_id": "P36", "price": 387}, {"product_id": "P38", "price": 759}], "date_of_purchase": "2019-01-25 17:53:00"}
{"customer_id": "C81", "basket": [{"product_id": "P28", "price": 1333}], "date_of_purchase": "2019-01-25 17:10:00"}
{"customer_id": "C87", "basket": [{"product_id": "P09", "price": 600}], "date_of_purchase": "2019-01-25 04:31:00"}
{"customer_id": "C94", "basket": [{"product_id": "P41", "price": 1466}, {"product_id": "P41", "price": 736}], "date_of_purchase": "2019-01-25 21:38:00"}
{"customer_id": "C95", "basket": [{"product_id": "P30", "price": 537}, {"product_id": "P24", "price": 617}, {"product_id": "P24", "price": 971}], "date_of_purchase": "2019-01-25 23:03:00"}
{"customer_id": "C100", "basket": [{"product_id": "P26", "price": 1023}, {"product_id": "P26", "price": 1140}], "date_of_purchase": "2019-01-25 04:40:00"}
{"customer_id": "C111", "basket": [{"product_id": "P32", "price": 1884}, {"product_id": "P22", "price": 1737}], "date_of_purchase": "2019-01-25 23:35:00"}
{"customer_id": "C117", "basket": [{"product_id": "P63", "price": 1748}, {"product_id": "P62", "price": 993}, {"product_id": "P63", "price": 1210}], "date_of_purchase": "2019-01-25 12:23:00"}
{"customer_id": "C119", "basket": [{"product_id": "P37", "price": 1256}, {"product_id": "P36", "price": 373}], "date_of_purchase": "2019-01-25 05:44:00"}
{"customer_id": "C126", "basket": [{"product_id": "P49", "price": 407}], "date_of_purchase": "2019-01-25 06:59:00"}
{"customer_id": "C129", "basket": [{"product_id": "P03", "price": 321}, {"product_id": "P08", "price": 958}, {"product_id": "P09", "price": 1840}], "date_of_purchase": "2019-01-25 22:51:00"}
