{"customer_id": "C9", "basket": [{"product_id": "P54", "price": 467}, {"product_id": "P42", "price": 602}, {"product_id": "P46", "price": 1654}], "date_of_purchase": "2018-12-06 13:59:00"}
{"customer_id": "C15", "basket": [{"product_id": "P62", "price": 1045}, {"product_id": "P63", "price": 898}], "date_of_purchase": "2018-12-06 12:25:00"}
{"customer_id": "C20", "basket": [{"product_id": "P40", "price": 850}, {"product_id": "P37", "price": 1480}], "date_of_purchase": "2018-12-06 14:43:00"}
{"customer_id": "C30", "basket": [{"product_id": "P51", "price": 880}], "date_of_purchase": "2018-12-06 06:51:00"}
{"customer_id": "C39", "basket": [{"product_id": "P61", "price": 998}, {"product_id": "P62", "price": 1058}, {"product_id": "P63", "price": 1768}], "date_of_purchase": "2018-12-06 08:44:00"}
{"customer_id": "C45", "basket": [{"product_id": "P35", "price": 1888}, {"product_id": "P35", "price": 1215}], "date_of_purchase": "2018-12-06 08:08:00"}
{"customer_id": "C56", "basket": [{"product_id": "P06", "price": 308}], "date_of_purchase": "2018-12-06 09:43:00"}
{"customer_id": "C58", "basket": [{"product_id": "P48", "price": 1334}, {"product_id": "P42", "price": 222}], "date_of_purchase": "2018-12-06 22:22:00"}
{"customer_id": "C60", "basket": [{"product_id": "P23", "price": 1857}, {"product_id": "P27", "price": 157}], "date_of_purchase": "2018-12-06 05:21:00"}
{"customer_id": "C62", "basket": [{"product_id": "P33", "price": 1503}, {"product_id": "P24", "price": 1156}, {"product_id": "P27", "price": 1302}], "date_of_purchase": "2018-12-06 14:10:00"}
{"customer_id": "C79", "basket": [{"product_id": "P39", "price": 1521}, {"product_id": "P35", "price": 929}], "date_of_purchase": "2018-12-06 22:06:00"}
{"customer_id": "C85", "basket": [{"product_id": "P57", "price": 1094}, {"product_id": "P45", "price": 935}, {"product_id": "P55", "price": 1677}], "date_of_purchase": "2018-12-06 19:23:00"}
{"customer_id": "C86", "basket": [{"product_id": "P39", "price": 890}], "date_of_purchase": "2018-12-06 09:15:00"}
{"customer_id": "C89", "basket": [{"product_id": "P40", "price": 496}, {"product_id": "P40", "price": 181}, {"product_id": "P38", "price": 1282}], "date_of_purchase": "2018-12-06 14:24:00"}
{"customer_id": "C93", "basket": [{"product_id": "P52", "price": 577}, {"product_id": "P48", "price": 947}, {"product_id": "P56", "price": 1627}], "date_of_purchase": "2018-12-06 08:04:00"}
{"customer_id": "C95", "basket": [{"product_id": "P26", "price": 131}, {"product_id": "P31", "price": 450}, {"product_id": "P25", "price": 510}], "date_of_purchase": "2018-12-06 10:37:00"}
{"customer_id": "C98", "basket": [{"product_id": "P38", "price": 590}, {"product_id": "P38", "price": 1571}, {"product_id": "P39", "price": 1950}], "date_of_purchase": "2018-12-06 23:43:00"}
{"customer_id": "C106", "basket": [{"product_id": "P35", "price": 626}], "date_of_purchase": "2018-12-06 08:34:00"}
{"customer_id": "C109", "basket": [{"product_id": "P26", "price": 1874}], "date_of_purchase": "2018-12-06 07:30:00"}
{"customer_id": "C114", "basket": [{"product_id": "P58", "price": 828}, {"product_id": "P58", "price": 117}], "date_of_purchase": "2018-12-06 23:48:00"}
{"customer_id": "C120", "basket": [{"product_id": "P23", "price": 862}, {"product_id": "P27", "price": 55}, {"product_id": "P22", "price": 516}], "date_of_purchase": "2018-12-06 20:38:00"}
{"customer_id": "C130", "basket": [{"product_id": "P07", "price": 166}, {"product_id": "P12", "price": 886}, {"product_id": "P10", "price": 1130}], "date_of_purchase": "2018-12-06 21:15:00"}
{"customer_id": "C134", "basket": [{"product_id": "P57", "price": 331}, {"product_id": "P47", "price": 50}, {"product_id": "P55", "price": 124}], "date_of_purchase": "2018-12-06 08:52:00"}
{"customer_id": "C135", "basket": [{"product_id": "P46", "price": 116}, {"product_id": "P58", "price": 1934}, {"product_id": "P59", "price": 1854}], "date_of_purchase": "2018-12-06 05:31:00"}
