{"customer_id": "C3", "basket": [{"product_id": "P36", "price": 399}, {"product_id": "P36", "price": 725}], "date_of_purchase": "2019-02-20 05:04:00"}
{"customer_id": "C17", "basket": [{"product_id": "P31", "price": 473}, {"product_id": "P25", "price": 1949}, {"product_id": "P31", "price": 545}], "date_of_purchase": "2019-02-20 11:15:00"}
{"customer_id": "C18", "basket": [{"product_id": "P36", "price": 961}, {"product_id": "P38", "price": 795}, {"product_id": "P39", "price": 1586}], "date_of_purchase": "2019-02-20 22:25:00"}
{"customer_id": "C20", "basket": [{"product_id": "P45", "price": 842}, {"product_id": "P52", "price": 1880}, {"product_id": "P52", "price": 1290}], "date_of_purchase": "2019-02-20 17:56:00"}
{"customer_id": "C21", "basket": [{"product_id": "P06", "price": 1053}], "date_of_purchase": "2019-02-20 13:05:00"}
{"customer_id": "C22", "basket": [{"product_id": "P43", "price": 1572}], "date_of_purchase": "2019-02-20 04:44:00"}
{"customer_id": "C30", "basket": [{"product_id": "P03", "price": 1726}, {"product_id": "P06", "price": 1791}], "date_of_purchase": "2019-02-20 19:55:00"}
{"customer_id": "C32", "basket": [{"product_id": "P35", "price": 1726}, {"product_id": "P37", "price": 988}, {"product_id": "P40", "price": 1555}], "date_of_purchase": "2019-02-20 19:05:00"}
{"customer_id": "C35", "basket": [{"product_id": "P62", "price": 1581}, {"product_id": "P62", "price": 586}], "date_of_purchase": "2019-02-20 18:47:00"}
{"customer_id": "C37", "basket": [{"product_id": "P63", "price": 994}, {"product_id": "P63", "price": 1290}, {"product_id": "P63", "price": 1498}], "date_of_purchase": "2019-02-20 11:34:00"}
{"customer_id": "C42", "basket": [{"product_id": "P34", "price": 1900}, {"product_id": "P25", "price": 1806}], "date_of_purchase": "2019-02-20 13:06:00"}
{"customer_id": "C60", "basket": [{"product_id": "P34", "price": 1811}, {"product_id": "P25", "price": 379}], "date_of_purchase": "2019-02-20 16:17:00"}
{"customer_id": "C62", "basket": [{"product_id": "P25", "price": 1021}, {"product_id": "P30", "price": 1983}, {"product_id": "P32", "price": 1028}], "date_of_purchase": "2019-02-20 15:06:00"}
{"customer_id": "C65", "basket": [{"product_id": "P34", "price": 993}, {"product_id": "P22", "price": 1655}, {"product_id": "P26", "price": 1386}], "date_of_purchase": "2019-02-20 04:40:00"}
{"customer_id": "C66", "basket": [{"product_id": "P44", "price": 1077}, {"product_id": "P46", "price": 1496}, {"product_id": "P41", "price": 722}], "date_of_purchase": "2019-02-20 23:43:00"}
{"customer_id": "C69", "basket": [{"product_id": "P25", "price": 1772}], "date_of_purchase": "2019-02-20 02:55:00"}
{"customer_id": "C74", "basket": [{"product_id": "P10", "price": 1727}], "date_of_purchase": "2019-02-20 10:04:00"}
{"customer_id": "C85", "basket": [{"product_id": "P28", "price": 1723}, {"product_id": "P31", "price": 1137}, {"product_id": "P32", "price": 1596}], "date_of_purchase": "2019-02-20 22:26:00"}
{"customer_id": "C89", "basket": [{"product_id": "P36", "price": 1249}], "date_of_purchase": "2019-02-20 04:50:00"}
{"customer_id": "C90", "basket": [{"product_id": "P45", "price": 1858}, {"product_id": "P51", "price": 553}, {"product_id": "P43", "price": 931}], "date_of_purchase": "2019-02-20 19:44:00"}
{"customer_id": "C91", "basket": [{"product_id": "P38", "price": 1497}, {"product_id": "P36", "price": 370}, {"product_id": "P40", "price": 1083}], "date_of_purchase": "2019-02-20 08:35:00"}
{"customer_id": "C96", "basket": [{"product_id": "P32", "price": 645}, {"product_id": "P23", "price": 1034}], "date_of_purchase": "2019-02-20 16:16:00"}
{"customer_id": "C99", "basket": [{"product_id": "P28", "price": 1622}, {"product_id": "P31", "price": 1868}, {"product_id": "P31", "price": 31}], "date_of_purchase": "2019-02-20 17:30:00"}
{"customer_id": "C113", "basket": [{"product_id": "P63", "price": 1177}, {"product_id": "P63", "price": 1094}], "date_of_purchase": "2019-02-20 20:14:00"}
{"customer_id": "C114", "basket": [{"product_id": "P48", "price": 1704}, {"product_id": "P43", "price": 977}], "date_of_purchase": "2019-02-20 11:38:00"}
{"customer_id": "C117", "basket": [{"product_id": "P37", "price": 413}], "date_of_purchase": "2019-02-20 10:52:00"}
{"customer_id": "C130", "basket": [{"product_id": "P33", "price": 1839}], "date_of_purchase": "2019-02-20 18:49:00"}
