{"customer_id": "C8", "basket": [{"product_id": "P41", "price": 285}, {"product_id": "P59", "price": 413}, {"product_id": "P45", "price": 67}], "date_of_purchase": "2019-01-06 06:06:00"}
{"customer_id": "C11", "basket": [{"product_id": "P38", "price": 1162}, {"product_id": "P36", "price": 654}], "date_of_purchase": "2019-01-06 08:12:00"}
{"customer_id": "C20", "basket": [{"product_id": "P35", "price": 698}], "date_of_purchase": "2019-01-06 19:23:00"}
{"customer_id": "C21", "basket": [{"product_id": "P15", "price": 746}, {"product_id": "P21", "price": 342}], "date_of_purchase": "2019-01-06 09:05:00"}
{"customer_id": "C27", "basket": [{"product_id": "P09", "price": 1261}, {"product_id": "P09", "price": 57}], "date_of_purchase": "2019-01-06 13:41:00"}
{"customer_id": "C28", "basket": [{"product_id": "P20", "price": 204}], "date_of_purchase": "2019-01-06 20:37:00"}
{"customer_id": "C29", "basket": [{"product_id": "P30", "price": 1278}, {"product_id": "P26", "price": 155}, {"product_id": "P28", "price": 197}], "date_of_purchase": "2019-01-06 18:27:00"}
{"customer_id": "C41", "basket": [{"product_id": "P61", "price": 1725}, {"product_id": "P64", "price": 919}], "date_of_purchase": "2019-01-06 18:12:00"}
{"customer_id": "C60", "basket": [{"product_id": "P23", "price": 1864}, {"product_id": "P32", "price": 1627}], "date_of_purchase": "2019-01-06 09:58:00"}
{"customer_id": "C66", "basket": [{"product_id": "P64", "price": 1537}, {"product_id": "P64", "price": 690}], "date_of_purchase": "2019-01-06 21:29:00"}
{"customer_id": "C75", "basket": [{"product_id": "P08", "price": 550}], "date_of_purchase": "2019-01-06 18:09:00"}
{"customer_id": "C79", "basket": [{"product_id": "P49", "price": 1333}, {"product_id": "P48", "price": 398}, {"product_id": "P59", "price": 541}], "date_of_purchase": "2019-01-06 16:34:00"}
{"customer_id": "C86", "basket": [{"product_id": "P50", "price": 1786}, {"product_id": "P54", "price": 1424}, {"product_id": "P45", "price": 1198}], "date_of_purchase": "2019-01-06 08:51:00"}
{"customer_id": "C96", "basket": [{"product_id": "P24", "price": 835}, {"product_id": "P28", "price": 1314}], "date_of_purchase": "2019-01-06 07:19:00"}
{"customer_id": "C114", "basket": [{"product_id": "P55", "price": 1975}], "date_of_purchase": "2019-01-06 12:21:00"}
{"customer_id": "C116", "basket": [{"product_id": "P05", "price": 1667}, {"product_id": "P06", "price": 1161}], "date_of_purchase": "2019-01-06 22:19:00"}
{"customer_id": "C132", "basket": [{"product_id": "P34", "price": 1997}, {"product_id": "P24", "price": 709}, {"product_id": "P25", "price": 263}], "date_of_purchase": "2019-01-06 09:51:00"}
{"customer_id": "C133", "basket": [{"product_id": "P47", "price": 910}], "date_of_purchase": "2019-01-06 17:08:00"}
