{"customer_id": "C9", "basket": [{"product_id": "P32", "price": 1680}, {"product_id": "P27", "price": 780}], "date_of_purchase": "2018-12-25 14:41:00"}
{"customer_id": "C21", "basket": [{"product_id": "P26", "price": 259}, {"product_id": "P23", "price": 688}], "date_of_purchase": "2018-12-25 11:35:00"}
{"customer_id": "C31", "basket": [{"product_id": "P31", "price": 1019}, {"product_id": "P26", "price": 729}], "date_of_purchase": "2018-12-25 17:02:00"}
{"customer_id": "C34", "basket": [{"product_id": "P62", "price": 1984}, {"product_id": "P63", "price": 869}, {"product_id": "P64", "price": 1741}], "date_of_purchase": "2018-12-25 07:21:00"}
{"customer_id": "C38", "basket": [{"product_id": "P33", "price": 1277}, {"product_id": "P25", "price": 1750}], "date_of_purchase": "2018-12-25 17:25:00"}
{"customer_id": "C42", "basket": [{"product_id": "P24", "price": 1624}], "date_of_purchase": "2018-12-25 05:11:00"}
{"customer_id": "C43", "basket": [{"product_id": "P14", "price": 718}, {"product_id": "P20", "price": 797}, {"product_id": "P20", "price": 620}], "date_of_purchase": "2018-12-25 22:36:00"}
{"customer_id": "C47", "basket": [{"product_id": "P54", "price": 38}, {"product_id": "P43", "price": 879}], "date_of_purchase": "2018-12-25 04:08:00"}
{"customer_id": "C58", "basket": [{"product_id": "P31", "price": 977}], "date_of_purchase": "2018-12-25 09:15:00"}
{"customer_id": "C60", "basket": [{"product_id": "P31", "price": 1803}, {"product_id": "P33", "price": 1367}], "date_of_purchase": "2018-12-25 05:50:00"}
{"customer_id": "C63", "basket": [{"product_id": "P40", "price": 1098}, {"product_id": "P36", "price": 599}, {"product_id": "P36", "price": 683}], "date_of_purchase": "2018-12-25 22:57:00"}
{"customer_id": "C64", "basket": [{"product_id": "P33", "price": 1970}, {"product_id": "P31", "price": 468}, {"product_id": "P34", "price": 1049}], "date_of_purchase": "2018-12-25 19:50:00"}
{"customer_id": "C65", "basket": [{"product_id": "P21", "price": 23}], "date_of_purchase": "2018-12-25 23:20:00"}
{"customer_id": "C80", "basket": [{"product_id": "P52", "price": 188}, {"product_id": "P41", "price": 1281}], "date_of_purchase": "2018-12-25 16:29:00"}
{"customer_id": "C81", "basket": [{"product_id": "P51", "price": 484}, {"product_id": "P44", "price": 721}], "date_of_purchase": "2018-12-25 15:43:00"}
{"customer_id": "C93", "basket": [{"product_id": "P57", "price": 442}, {"product_id": "P60", "price": 809}], "date_of_purchase": "2018-12-25 07:17:00"}
{"customer_id": "C105", "basket": [{"product_id": "P48", "price": 1876}, {"product_id": "P52", "price": 761}], "date_of_purchase": "2018-12-25 05:43:00"}
{"customer_id": "C115", "basket": [{"product_id": "P28", "price": 1037}, {"product_id": "P23", "price": 1314}], "date_of_purchase": "2018-12-25 19:12:00"}
{"customer_id": "C116", "basket": [{"product_id": "P33", "price": 1450}, {"product_id": "P32", "price": 1875}], "date_of_purchase": "2018-12-25 10:04:00"}
{"customer_id": "C119", "basket": [{"product_id": "P38", "price": 1972}], "date_of_purchase": "2018-12-25 03:16:00"}
{"customer_id": "C126", "basket": [{"product_id": "P46", "price": 1498}], "date_of_purchase": "2018-12-25 10:54:00"}
{"customer_id": "C133", "basket": [{"product_id": "P38", "price": 1208}], "date_of_purchase": "2018-12-25 17:17:00"}
