{"customer_id": "C2", "basket": [{"product_id": "P06", "price": 1078}], "date_of_purchase": "2019-01-12 09:49:00"}
{"customer_id": "C5", "basket": [{"product_id": "P12", "price": 1722}], "date_of_purchase": "2019-01-12 10:40:00"}
{"customer_id": "C12", "basket": [{"product_id": "P22", "price": 1300}], "date_of_purchase": "2019-01-12 14:22:00"}
{"customer_id": "C14", "basket": [{"product_id": "P08", "price": 1045}, {"product_id": "P09", "price": 410}], "date_of_purchase": "2019-01-12 06:44:00"}
{"customer_id": "C22", "basket": [{"product_id": "P33", "price": 1042}], "date_of_purchase": "2019-01-12 02:48:00"}
{"customer_id": "C28", "basket": [{"product_id": "P31", "price": 438}, {"product_id": "P29", "price": 1536}], "date_of_purchase": "2019-01-12 07:44:00"}
{"customer_id": "C29", "basket": [{"product_id": "P23", "price": 897}], "date_of_purchase": "2019-01-12 09:04:00"}
{"customer_id": "C46", "basket": [{"product_id": "P22", "price": 699}, {"product_id": "P24", "price": 1134}], "date_of_purchase": "2019-01-12 09:24:00"}
{"customer_id": "C56", "basket": [{"product_id": "P37", "price": 1566}, {"product_id": "P35", "price": 1656}, {"product_id": "P39", "price": 225}], "date_of_purchase": "2019-01-12 06:10:00"}
{"customer_id": "C57", "basket": [{"product_id": "P38", "price": 1486}], "date_of_purchase": "2019-01-12 19:07:00"}
{"customer_id": "C64", "basket": [{"product_id": "P36", "price": 774}], "date_of_purchase": "2019-01-12 10:54:00"}
{"customer_id": "C81", "basket": [{"product_id": "P51", "price": 1958}, {"product_id": "P45", "price": 608}, {"product_id": "P43", "price": 998}], "date_of_purchase": "2019-01-12 16:43:00"}
{"customer_id": "C82", "basket": [{"product_id": "P46", "price": 1912}, {"product_id": "P58", "price": 1659}], "date_of_purchase": "2019-01-12 19:39:00"}
{"customer_id": "C85", "basket": [{"product_id": "P36", "price": 1856}, {"product_id": "P38", "price": 137}], "date_of_purchase": "2019-01-12 08:10:00"}
{"customer_id": "C90", "basket": [{"product_id": "P27", "price": 603}, {"product_id": "P26", "price": 872}, {"product_id": "P24", "price": 267}], "date_of_purchase": "2019-01-12 18:21:00"}
{"customer_id": "C103", "basket": [{"product_id": "P21", "price": 51}, {"product_id": "P19", "price": 945}, {"product_id": "P18", "price": 478}], "date_of_purchase": "2019-01-12 18:33:00"}
{"customer_id": "C106", "basket": [{"product_id": "P49", "price": 509}, {"product_id": "P59", "price": 1472}], "date_of_purchase": "2019-01-12 20:35:00"}
{"customer_id": "C110", "basket": [{"product_id": "P55", "price": 1986}], "date_of_purchase": "2019-01-12 18:33:00"}
{"customer_id": "C112", "basket": [{"product_id": "P17", "price": 1262}], "date_of_purchase": "2019-01-12 08:09:00"}
{"customer_id": "C113", "basket": [{"product_id": "P29", "price": 582}, {"product_id": "P26", "price": 984}, {"product_id": "P33", "price": 1173}], "date_of_purchase": "2019-01-12 10:08:00"}
{"customer_id": "C120", "basket": [{"product_id": "P50", "price": 784}], "date_of_purchase": "2019-01-12 14:13:00"}
