{"customer_id": "C9", "basket": [{"product_id": "P11", "price": 1450}, {"product_id": "P12", "price": 1624}], "date_of_purchase": "2019-02-24 17:07:00"}
{"customer_id": "C30", "basket": [{"product_id": "P30", "price": 564}, {"product_id": "P26", "price": 1206}, {"product_id": "P31", "price": 259}], "date_of_purchase": "2019-02-24 02:53:00"}
{"customer_id": "C34", "basket": [{"product_id": "P63", "price": 1079}], "date_of_purchase": "2019-02-24 23:31:00"}
{"customer_id": "C39", "basket": [{"product_id": "P45", "price": 147}, {"product_id": "P56", "price": 1698}], "date_of_purchase": "2019-02-24 15:06:00"}
{"customer_id": "C43", "basket": [{"product_id": "P58", "price": 134}], "date_of_purchase": "2019-02-24 21:37:00"}
{"customer_id": "C46", "basket": [{"product_id": "P24", "price": 859}], "date_of_purchase": "2019-02-24 10:59:00"}
{"customer_id": "C56", "basket": [{"product_id": "P01", "price": 1144}, {"product_id": "P04", "price": 639}, {"product_id": "P10", "price": 1844}], "date_of_purchase": "2019-02-24 19:47:00"}
{"customer_id": "C63", "basket": [{"product_id": "P34", "price": 399}], "date_of_purchase": "2019-02-24 21:36:00"}
{"customer_id": "C64", "basket": [{"product_id": "P36", "price": 1310}, {"product_id": "P40", "price": 1226}, {"product_id": "P36", "price": 1696}], "date_of_purchase": "2019-02-24 20:13:00"}
{"customer_id": "C66", "basket": [{"product_id": "P36", "price": 663}], "date_of_purchase": "2019-02-24 02:52:00"}
{"customer_id": "C71", "basket": [{"product_id": "P50", "price": 138}, {"product_id": "P41", "price": 1511}], "date_of_purchase": "2019-02-24 06:06:00"}
{"customer_id": "C78", "basket": [{"product_id": "P54", "price": 844}], "date_of_purchase": "2019-02-24 15:53:00"}
{"customer_id": "C86", "basket": [{"product_id": "P38", "price": 391}], "date_of_purchase": "2019-02-24 09:46:00"}
{"customer_id": "C113", "basket": [{"product_id": "P33", "price": 1885}, {"product_id": "P22", "price": 1454}], "date_of_purchase": "2019-02-24 09:18:00"}
{"customer_id": "C129", "basket": [{"product_id": "P04", "price": 1459}, {"product_id": "P01", "price": 1454}], "date_of_purchase": "2019-02-24 12:24:00"}
{"customer_id": "C133", "basket": [{"product_id": "P39", "price": 7}], "date_of_purchase": "2019-02-24 09:03:00"}
