{"customer_id": "C9", "basket": [{"product_id": "P08", "price": 309}, {"product_id": "P01", "price": 1412}, {"product_id": "P09", "price": 851}], "date_of_purchase": "2019-01-26 17:39:00"}
{"customer_id": "C15", "basket": [{"product_id": "P61", "price": 1790}], "date_of_purchase": "2019-01-26 22:14:00"}
{"customer_id": "C30", "basket": [{"product_id": "P11", "price": 1048}], "date_of_purchase": "2019-01-26 09:31:00"}
{"customer_id": "C36", "basket": [{"product_id": "P40", "price": 775}, {"product_id": "P36", "price": 651}, {"product_id": "P36", "price": 398}], "date_of_purchase": "2019-01-26 04:35:00"}
{"customer_id": "C37", "basket": [{"product_id": "P31", "price": 1768}, {"product_id": "P28", "price": 155}], "date_of_purchase": "2019-01-26 23:12:00"}
{"customer_id": "C52", "basket": [{"product_id": "P31", "price": 668}], "date_of_purchase": "2019-01-26 08:31:00"}
{"customer_id": "C56", "basket": [{"product_id": "P04", "price": 1138}, {"product_id": "P12", "price": 1007}], "date_of_purchase": "2019-01-26 21:58:00"}
{"customer_id": "C66", "basket": [{"product_id": "P36", "price": 1896}, {"product_id": "P40", "price": 1997}], "date_of_purchase": "2019-01-26 21:29:00"}
{"customer_id": "C81", "basket": [{"product_id": "P53", "price": 884}, {"product_id": "P55", "price": 111}], "date_of_purchase": "2019-01-26 23:04:00"}
{"customer_id": "C87", "basket": [{"product_id": "P09", "price": 651}, {"product_id": "P01", "price": 497}], "date_of_purchase": "2019-01-26 21:27:00"}
{"customer_id": "C90", "basket": [{"product_id": "P41", "price": 218}], "date_of_purchase": "2019-01-26 21:08:00"}
{"customer_id": "C105", "basket": [{"product_id": "P42", "price": 385}, {"product_id": "P59", "price": 573}], "date_of_purchase": "2019-01-26 23:58:00"}
{"customer_id": "C112", "basket": [{"product_id": "P38", "price": 53}, {"product_id": "P37", "price": 456}], "date_of_purchase": "2019-01-26 22:05:00"}
{"customer_id": "C116", "basket": [{"product_id": "P07", "price": 10}, {"product_id": "P12", "price": 8}], "date_of_purchase": "2019-01-26 20:50:00"}
{"customer_id": "C117", "basket": [{"product_id": "P35", "price": 266}, {"product_id": "P36", "price": 1832}], "date_of_purchase": "2019-01-26 03:17:00"}
{"customer_id": "C129", "basket": [{"product_id": "P03", "price": 887}, {"product_id": "P03", "price": 1134}, {"product_id": "P03", "price": 1245}], "date_of_purchase": "2019-01-26 17:08:00"}
{"customer_id": "C130", "basket": [{"product_id": "P49", "price": 617}], "date_of_purchase": "2019-01-26 15:25:00"}
{"customer_id": "C132", "basket": [{"product_id": "P48", "price": 439}, {"product_id": "P43", "price": 1615}, {"product_id": "P49", "price": 623}], "date_of_purchase": "2019-01-26 10:26:00"}
