{"customer_id": "C29", "basket": [{"product_id": "P02", "price": 1712}, {"product_id": "P08", "price": 302}, {"product_id": "P11", "price": 713}], "date_of_purchase": "2019-01-29 18:00:00"}
{"customer_id": "C31", "basket": [{"product_id": "P26", "price": 1412}, {"product_id": "P29", "price": 1347}, {"product_id": "P26", "price": 862}], "date_of_purchase": "2019-01-29 18:04:00"}
{"customer_id": "C37", "basket": [{"product_id": "P63", "price": 1985}, {"product_id": "P61", "price": 1395}], "date_of_purchase": "2019-01-29 06:01:00"}
{"customer_id": "C41", "basket": [{"product_id": "P58", "price": 1001}], "date_of_purchase": "2019-01-29 18:33:00"}
{"customer_id": "C42", "basket": [{"product_id": "P24", "price": 521}], "date_of_purchase": "2019-01-29 14:22:00"}
{"customer_id": "C48", "basket": [{"product_id": "P34", "price": 1333}, {"product_id": "P33", "price": 1062}], "date_of_purchase": "2019-01-29 16:48:00"}
{"customer_id": "C50", "basket": [{"product_id": "P40", "price": 1800}, {"product_id": "P35", "price": 217}, {"product_id": "P39", "price": 195}], "date_of_purchase": "2019-01-29 13:16:00"}
{"customer_id": "C52", "basket": [{"product_id": "P46", "price": 1040}], "date_of_purchase": "2019-01-29 09:21:00"}
{"customer_id": "C56", "basket": [{"product_id": "P03", "price": 1318}], "date_of_purchase": "2019-01-29 23:52:00"}
{"customer_id": "C70", "basket": [{"product_id": "P22", "price": 734}], "date_of_purchase": "2019-01-29 16:20:00"}
{"customer_id": "C76", "basket": [{"product_id": "P44", "price": 1443}, {"product_id": "P47", "price": 1447}, {"product_id": "P41", "price": 1994}], "date_of_purchase": "2019-01-29 04:04:00"}
{"customer_id": "C90", "basket": [{"product_id": "P47", "price": 652}, {"product_id": "P41", "price": 304}, {"product_id": "P48", "price": 615}], "date_of_purchase": "2019-01-29 12:12:00"}
{"customer_id": "C92", "basket": [{"product_id": "P51", "price": 1835}, {"product_id": "P50", "price": 700}, {"product_id": "P53", "price": 1856}], "date_of_purchase": "2019-01-29 21:40:00"}
{"customer_id": "C97", "basket": [{"product_id": "P43", "price": 315}, {"product_id": "P53", "price": 1972}], "date_of_purchase": "2019-01-29 04:10:00"}
{"customer_id": "C113", "basket": [{"product_id": "P62", "price": 738}, {"product_id": "P64", "price": 1166}, {"product_id": "P62", "price": 1575}], "date_of_purchase": "2019-01-29 06:22:00"}
{"customer_id": "C133", "basket": [{"product_id": "P55", "price": 368}], "date_of_purchase": "2019-01-29 05:21:00"}
{"customer_id": "C135", "basket": [{"product_id": "P53", "price": 1519}, {"product_id": "P49", "price": 1983}, {"product_id": "P59", "price": 659}], "date_of_purchase": "2019-01-29 03:20:00"}
