{"customer_id": "C13", "basket": [{"product_id": "P39", "price": 187}, {"product_id": "P39", "price": 968}, {"product_id": "P39", "price": 1449}], "date_of_purchase": "2019-01-28 16:44:00"}
{"customer_id": "C22", "basket": [{"product_id": "P25", "price": 845}, {"product_id": "P25", "price": 649}], "date_of_purchase": "2019-01-28 06:23:00"}
{"customer_id": "C25", "basket": [{"product_id": "P62", "price": 1148}], "date_of_purchase": "2019-01-28 21:02:00"}
{"customer_id": "C31", "basket": [{"product_id": "P62", "price": 1942}, {"product_id": "P62", "price": 226}, {"product_id": "P62", "price": 1426}], "date_of_purchase": "2019-01-28 15:34:00"}
{"customer_id": "C37", "basket": [{"product_id": "P32", "price": 211}, {"product_id": "P22", "price": 1675}, {"product_id": "P33", "price": 1136}], "date_of_purchase": "2019-01-28 17:25:00"}
{"customer_id": "C38", "basket": [{"product_id": "P35", "price": 570}, {"product_id": "P35", "price": 723}, {"product_id": "P38", "price": 429}], "date_of_purchase": "2019-01-28 10:18:00"}
{"customer_id": "C41", "basket": [{"product_id": "P61", "price": 1226}, {"product_id": "P63", "price": 1371}, {"product_id": "P63", "price": 965}], "date_of_purchase": "2019-01-28 16:12:00"}
{"customer_id": "C52", "basket": [{"product_id": "P35", "price": 100}], "date_of_purchase": "2019-01-28 20:46:00"}
{"customer_id": "C64", "basket": [{"product_id": "P36", "price": 1671}], "date_of_purchase": "2019-01-28 07:11:00"}
{"customer_id": "C79", "basket": [{"product_id": "P62", "price": 950}], "date_of_purchase": "2019-01-28 10:06:00"}
{"customer_id": "C87", "basket": [{"product_id": "P06", "price": 983}, {"product_id": "P12", "price": 1108}], "date_of_purchase": "2019-01-28 10:27:00"}
{"customer_id": "C89", "basket": [{"product_id": "P37", "price": 1335}], "date_of_purchase": "2019-01-28 10:30:00"}
{"customer_id": "C94", "basket": [{"product_id": "P58", "price": 1251}, {"product_id": "P47", "price": 1711}, {"product_id": "P52", "price": 135}], "date_of_purchase": "2019-01-28 03:58:00"}
{"customer_id": "C113", "basket": [{"product_id": "P23", "price": 958}], "date_of_purchase": "2019-01-28 12:16:00"}
{"customer_id": "C134", "basket": [{"product_id": "P61", "price": 1152}, {"product_id": "P64", "price": 1036}], "date_of_purchase": "2019-01-28 14:56:00"}
