{"customer_id": "C8", "basket": [{"product_id": "P34", "price": 1835}], "date_of_purchase": "2018-12-05 10:13:00"}
{"customer_id": "C12", "basket": [{"product_id": "P27", "price": 768}, {"product_id": "P25", "price": 70}, {"product_id": "P27", "price": 1779}], "date_of_purchase": "2018-12-05 10:02:00"}
{"customer_id": "C13", "basket": [{"product_id": "P40", "price": 1548}], "date_of_purchase": "2018-12-05 12:35:00"}
{"customer_id": "C14", "basket": [{"product_id": "P08", "price": 650}], "date_of_purchase": "2018-12-05 09:46:00"}
{"customer_id": "C21", "basket": [{"product_id": "P03", "price": 564}, {"product_id": "P07", "price": 1303}], "date_of_purchase": "2018-12-05 04:47:00"}
{"customer_id": "C30", "basket": [{"product_id": "P25", "price": 647}], "date_of_purchase": "2018-12-05 06:42:00"}
{"customer_id": "C47", "basket": [{"product_id": "P42", "price": 1056}, {"product_id": "P43", "price": 1546}, {"product_id": "P50", "price": 1839}], "date_of_purchase": "2018-12-05 14:32:00"}
{"customer_id": "C64", "basket": [{"product_id": "P38", "price": 186}, {"product_id": "P37", "price": 593}, {"product_id": "P37", "price": 405}], "date_of_purchase": "2018-12-05 16:20:00"}
{"customer_id": "C76", "basket": [{"product_id": "P25", "price": 1561}, {"product_id": "P25", "price": 992}], "date_of_purchase": "2018-12-05 13:12:00"}
{"customer_id": "C78", "basket": [{"product_id": "P34", "price": 1815}, {"product_id": "P30", "price": 1945}, {"product_id": "P28", "price": 1468}], "date_of_purchase": "2018-12-05 03:08:00"}
{"customer_id": "C79", "basket": [{"product_id": "P37", "price": 1682}, {"product_id": "P37", "price": 1394}, {"product_id": "P39", "price": 1425}], "date_of_purchase": "2018-12-05 17:47:00"}
{"customer_id": "C84", "basket": [{"product_id": "P63", "price": 517}, {"product_id": "P62", "price": 478}, {"product_id": "P64", "price": 922}], "date_of_purchase": "2018-12-05 13:31:00"}
{"customer_id": "C86", "basket": [{"product_id": "P47", "price": 753}, {"product_id": "P51", "price": 1348}, {"product_id": "P50", "price": 873}], "date_of_purchase": "2018-12-05 04:21:00"}
{"customer_id": "C87", "basket": [{"product_id": "P09", "price": 547}, {"product_id": "P01", "price": 1697}, {"product_id": "P04", "price": 1700}], "date_of_purchase": "2018-12-05 14:49:00"}
{"customer_id": "C90", "basket": [{"product_id": "P25", "price": 692}], "date_of_purchase": "2018-12-05 13:00:00"}
{"customer_id": "C92", "basket": [{"product_id": "P62", "price": 898}, {"product_id": "P61", "price": 230}, {"product_id": "P64", "price": 41}], "date_of_purchase": "2018-12-05 15:02:00"}
{"customer_id": "C95", "basket": [{"product_id": "P36", "price": 1355}, {"product_id": "P40", "price": 753}, {"product_id": "P36", "price": 1825}], "date_of_purchase": "2018-12-05 18:08:00"}
{"customer_id": "C97", "basket": [{"product_id": "P64", "price": 1134}], "date_of_purchase": "2018-12-05 04:14:00"}
{"customer_id": "C98", "basket": [{"product_id": "P62", "price": 1511}, {"product_id": "P62", "price": 829}], "date_of_purchase": "2018-12-05 19:52:00"}
{"customer_id": "C99", "basket": [{"product_id": "P27", "price": 679}, {"product_id": "P27", "price": 733}, {"product_id": "P24", "price": 655}], "date_of_purchase": "2018-12-05 09:15:00"}
{"customer_id": "C113", "basket": [{"product_id": "P27", "price": 1667}, {"product_id": "P25", "price": 46}, {"product_id": "P23", "price": 1965}], "date_of_purchase": "2018-12-05 06:24:00"}
