{"customer_id": "C15", "basket": [{"product_id": "P42", "price": 1770}, {"product_id": "P48", "price": 1381}, {"product_id": "P59", "price": 1998}], "date_of_purchase": "2019-02-08 08:54:00"}
{"customer_id": "C19", "basket": [{"product_id": "P61", "price": 1810}, {"product_id": "P64", "price": 905}], "date_of_purchase": "2019-02-08 19:04:00"}
{"customer_id": "C20", "basket": [{"product_id": "P07", "price": 666}, {"product_id": "P07", "price": 23}, {"product_id": "P04", "price": 784}], "date_of_purchase": "2019-02-08 16:52:00"}
{"customer_id": "C21", "basket": [{"product_id": "P12", "price": 1937}], "date_of_purchase": "2019-02-08 16:16:00"}
{"customer_id": "C33", "basket": [{"product_id": "P22", "price": 93}], "date_of_purchase": "2019-02-08 08:03:00"}
{"customer_id": "C36", "basket": [{"product_id": "P29", "price": 613}, {"product_id": "P32", "price": 421}], "date_of_purchase": "2019-02-08 21:34:00"}
{"customer_id": "C44", "basket": [{"product_id": "P37", "price": 851}], "date_of_purchase": "2019-02-08 05:41:00"}
{"customer_id": "C55", "basket": [{"product_id": "P16", "price": 1121}, {"product_id": "P18", "price": 633}, {"product_id": "P20", "price": 1113}], "date_of_purchase": "2019-02-08 11:57:00"}
{"customer_id": "C59", "basket": [{"product_id": "P48", "price": 1402}, {"product_id": "P54", "price": 1179}, {"product_id": "P51", "price": 150}], "date_of_purchase": "2019-02-08 12:29:00"}
{"customer_id": "C62", "basket": [{"product_id": "P37", "price": 1057}], "date_of_purchase": "2019-02-08 18:05:00"}
{"customer_id": "C65", "basket": [{"product_id": "P20", "price": 1988}, {"product_id": "P19", "price": 1527}, {"product_id": "P15", "price": 1589}], "date_of_purchase": "2019-02-08 05:26:00"}
{"customer_id": "C68", "basket": [{"product_id": "P30", "price": 579}, {"product_id": "P22", "price": 112}, {"product_id": "P24", "price": 1742}], "date_of_purchase": "2019-02-08 08:09:00"}
{"customer_id": "C69", "basket": [{"product_id": "P25", "price": 252}], "date_of_purchase": "2019-02-08 06:06:00"}
{"customer_id": "C84", "basket": [{"product_id": "P26", "price": 298}, {"product_id": "P32", "price": 1799}], "date_of_purchase": "2019-02-08 02:58:00"}
{"customer_id": "C89", "basket": [{"product_id": "P22", "price": 1465}, {"product_id": "P33", "price": 549}, {"product_id": "P27", "price": 367}], "date_of_purchase": "2019-02-08 11:01:00"}
{"customer_id": "C91", "basket": [{"product_id": "P36", "price": 135}, {"product_id": "P39", "price": 1039}, {"product_id": "P39", "price": 1509}], "date_of_purchase": "2019-02-08 18:18:00"}
{"customer_id": "C96", "basket": [{"product_id": "P25", "price": 1028}, {"product_id": "P33", "price": 1110}], "date_of_purchase": "2019-02-08 11:16:00"}
{"customer_id": "C111", "basket": [{"product_id": "P61", "price": 139}], "date_of_purchase": "2019-02-08 15:12:00"}
{"customer_id": "C116", "basket": [{"product_id": "P23", "price": 1857}, {"product_id": "P28", "price": 1653}, {"product_id": "P23", "price": 924}], "date_of_purchase": "2019-02-08 16:46:00"}
{"customer_id": "C123", "basket": [{"product_id": "P29", "price": 1640}, {"product_id": "P30", "price": 341}, {"product_id": "P32", "price": 46}], "date_of_purchase": "2019-02-08 15:10:00"}
{"customer_id": "C133", "basket": [{"product_id": "P59", "price": 1284}], "date_of_purchase": "2019-02-08 21:39:00"}
{"customer_id": "C137", "basket": [{"product_id": "P29", "price": 530}], "date_of_purchase": "2019-02-08 21:22:00"}
