{"customer_id": "C4", "basket": [{"product_id": "P40", "price": 1196}, {"product_id": "P39", "price": 1509}, {"product_id": "P39", "price": 657}], "date_of_purchase": "2019-01-02 20:53:00"}
{"customer_id": "C15", "basket": [{"product_id": "P11", "price": 1594}, {"product_id": "P05", "price": 1418}], "date_of_purchase": "2019-01-02 07:27:00"}
{"customer_id": "C17", "basket": [{"product_id": "P33", "price": 729}, {"product_id": "P24", "price": 1526}], "date_of_purchase": "2019-01-02 11:46:00"}
{"customer_id": "C19", "basket": [{"product_id": "P61", "price": 182}], "date_of_purchase": "2019-01-02 09:46:00"}
{"customer_id": "C30", "basket": [{"product_id": "P53", "price": 244}, {"product_id": "P47", "price": 1599}], "date_of_purchase": "2019-01-02 14:48:00"}
{"customer_id": "C34", "basket": [{"product_id": "P63", "price": 1477}, {"product_id": "P64", "price": 1239}], "date_of_purchase": "2019-01-02 19:53:00"}
{"customer_id": "C39", "basket": [{"product_id": "P55", "price": 1577}, {"product_id": "P47", "price": 599}, {"product_id": "P52", "price": 1593}], "date_of_purchase": "2019-01-02 20:11:00"}
{"customer_id": "C42", "basket": [{"product_id": "P34", "price": 331}, {"product_id": "P26", "price": 874}, {"product_id": "P26", "price": 1868}], "date_of_purchase": "2019-01-02 06:25:00"}
{"customer_id": "C49", "basket": [{"product_id": "P61", "price": 269}, {"product_id": "P64", "price": 581}], "date_of_purchase": "2019-01-02 10:50:00"}
{"customer_id": "C52", "basket": [{"product_id": "P54", "price": 1207}, {"product_id": "P50", "price": 613}], "date_of_purchase": "2019-01-02 05:27:00"}
{"customer_id": "C59", "basket": [{"product_id": "P49", "price": 1201}], "date_of_purchase": "2019-01-02 07:18:00"}
{"customer_id": "C60", "basket": [{"product_id": "P26", "price": 1188}, {"product_id": "P28", "price": 1385}], "date_of_purchase": "2019-01-02 20:13:00"}
{"customer_id": "C65", "basket": [{"product_id": "P26", "price": 1101}, {"product_id": "P33", "price": 1287}, {"product_id": "P27", "price": 794}], "date_of_purchase": "2019-01-02 08:04:00"}
{"customer_id": "C66", "basket": [{"product_id": "P24", "price": 915}, {"product_id": "P30", "price": 1419}, {"product_id": "P26", "price": 256}], "date_of_purchase": "2019-01-02 13:54:00"}
{"customer_id": "C71", "basket": [{"product_id": "P42", "price": 154}, {"product_id": "P41", "price": 866}, {"product_id": "P44", "price": 887}], "date_of_purchase": "2019-01-02 07:25:00"}
{"customer_id": "C74", "basket": [{"product_id": "P36", "price": 849}, {"product_id": "P35", "price": 449}, {"product_id": "P36", "price": 1903}], "date_of_purchase": "2019-01-02 18:32:00"}
{"customer_id": "C87", "basket": [{"product_id": "P11", "price": 1613}, {"product_id": "P02", "price": 1310}], "date_of_purchase": "2019-01-02 06:09:00"}
{"customer_id": "C97", "basket": [{"product_id": "P64", "price": 1109}, {"product_id": "P64", "price": 554}], "date_of_purchase": "2019-01-02 08:35:00"}
{"customer_id": "C105", "basket": [{"product_id": "P51", "price": 721}], "date_of_purchase": "2019-01-02 11:52:00"}
{"customer_id": "C122", "basket": [{"product_id": "P26", "price": 962}, {"product_id": "P27", "price": 1067}, {"product_id": "P30", "price": 600}], "date_of_purchase": "2019-01-02 06:40:00"}
{"customer_id": "C123", "basket": [{"product_id": "P33", "price": 1513}, {"product_id": "P29", "price": 1657}], "date_of_purchase": "2019-01-02 11:18:00"}
{"customer_id": "C125", "basket": [{"product_id": "P01", "price": 1981}, {"product_id": "P02", "price": 34}], "date_of_purchase": "2019-01-02 15:40:00"}
{"customer_id": "C133", "basket": [{"product_id": "P52", "price": 175}, {"product_id": "P49", "price": 914}], "date_of_purchase": "2019-01-02 13:48:00"}
{"customer_id": "C136", "basket": [{"product_id": "P04", "price": 436}, {"product_id": "P09", "price": 1057}, {"product_id": "P04", "price": 172}], "date_of_purchase": "2019-01-02 10:10:00"}
