{"customer_id": "C2", "basket": [{"product_id": "P29", "price": 1565}, {"product_id": "P30", "price": 1781}], "date_of_purchase": "2019-01-03 20:55:00"}
{"customer_id": "C11", "basket": [{"product_id": "P63", "price": 206}, {"product_id": "P63", "price": 1403}], "date_of_purchase": "2019-01-03 10:36:00"}
{"customer_id": "C12", "basket": [{"product_id": "P30", "price": 1979}, {"product_id": "P32", "price": 714}, {"product_id": "P22", "price": 375}], "date_of_purchase": "2019-01-03 19:21:00"}
{"customer_id": "C21", "basket": [{"product_id": "P23", "price": 455}, {"product_id": "P27", "price": 1171}, {"product_id": "P33", "price": 1121}], "date_of_purchase": "2019-01-03 14:44:00"}
{"customer_id": "C22", "basket": [{"product_id": "P45", "price": 1121}], "date_of_purchase": "2019-01-03 06:01:00"}
{"customer_id": "C30", "basket": [{"product_id": "P26", "price": 1587}, {"product_id": "P24", "price": 1470}], "date_of_purchase": "2019-01-03 05:13:00"}
{"customer_id": "C32", "basket": [{"product_id": "P40", "price": 283}], "date_of_purchase": "2019-01-03 07:41:00"}
{"customer_id": "C39", "basket": [{"product_id": "P50", "price": 1349}], "date_of_purchase": "2019-01-03 10:39:00"}
{"customer_id": "C40", "basket": [{"product_id": "P62", "price": 779}], "date_of_purchase": "2019-01-03 05:01:00"}
{"customer_id": "C50", "basket": [{"product_id": "P05", "price": 262}, {"product_id": "P08", "price": 635}, {"product_id": "P02", "price": 1141}], "date_of_purchase": "2019-01-03 06:40:00"}
{"customer_id": "C62", "basket": [{"product_id": "P28", "price": 1352}, {"product_id": "P34", "price": 191}], "date_of_purchase": "2019-01-03 20:39:00"}
{"customer_id": "C76", "basket": [{"product_id": "P30", "price": 1275}, {"product_id": "P25", "price": 89}, {"product_id": "P31", "price": 1766}], "date_of_purchase": "2019-01-03 10:58:00"}
{"customer_id": "C87", "basket": [{"product_id": "P05", "price": 1740}, {"product_id": "P11", "price": 380}, {"product_id": "P07", "price": 704}], "date_of_purchase": "2019-01-03 23:54:00"}
{"customer_id": "C89", "basket": [{"product_id": "P36", "price": 140}, {"product_id": "P35", "price": 1017}], "date_of_purchase": "2019-01-03 21:00:00"}
{"customer_id": "C90", "basket": [{"product_id": "P20", "price": 1638}], "date_of_purchase": "2019-01-03 16:31:00"}
{"customer_id": "C99", "basket": [{"product_id": "P29", "price": 42}], "date_of_purchase": "2019-01-03 10:27:00"}
{"customer_id": "C105", "basket": [{"product_id": "P52", "price": 316}, {"product_id": "P49", "price": 599}], "date_of_purchase": "2019-01-03 23:22:00"}
{"customer_id": "C117", "basket": [{"product_id": "P37", "price": 1382}], "date_of_purchase": "2019-01-03 17:23:00"}
{"customer_id": "C120", "basket": [{"product_id": "P22", "price": 210}, {"product_id": "P29", "price": 1634}], "date_of_purchase": "2019-01-03 03:25:00"}
{"customer_id": "C125", "basket": [{"product_id": "P37", "price": 838}, {"product_id": "P36", "price": 560}], "date_of_purchase": "2019-01-03 23:40:00"}
{"customer_id": "C130", "basket": [{"product_id": "P62", "price": 1913}, {"product_id": "P63", "price": 1895}, {"product_id": "P62", "price": 172}], "date_of_purchase": "2019-01-03 20:22:00"}
{"customer_id": "C133", "basket": [{"product_id": "P37", "price": 1662}, {"product_id": "P35", "price": 879}], "date_of_purchase": "2019-01-03 18:10:00"}
{"customer_id": "C136", "basket": [{"product_id": "P03", "price": 490}], "date_of_purchase": "2019-01-03 04:15:00"}
