[{"customer_id":"C1","product_id":"P01","product_category":"food","purchase_count":13,"loyalty_score":7.0},{"customer_id":"C10","product_id":"P01","product_category":"food","purchase_count":10,"loyalty_score":4.0},{"customer_id":"C100","product_id":"P01","product_category":"food","purchase_count":10,"loyalty_score":8.0},{"customer_id":"C101","product_id":"P01","product_category":"food","purchase_count":13,"loyalty_score":5.0},{"customer_id":"C102","product_id":"P01","product_category":"food","purchase_count":19,"loyalty_score":7.0},{"customer_id":"C103","product_id":"P01","product_category":"food","purchase_count":13,"loyalty_score":10.0},{"customer_id":"C104","product_id":"P01","product_category":"food","purchase_count":7,"loyalty_score":3.0},{"customer_id":"C105","product_id":"P01","product_category":"food","purchase_count":19,"loyalty_score":7.0},{"customer_id":"C106","product_id":"P01","product_category":"food","purchase_count":13,"loyalty_score":8.0},{"customer_id":"C107","product_id":"P01","product_category":"food","purchase_count":10,"loyalty_score":5.0},{"customer_id":"C108","product_id":"P01","product_category":"food","purchase_count":7,"loyalty_score":4.0},{"customer_id":"C109","product_id":"P01","product_category":"food","purchase_count":7,"loyalty_score":8.0},{"customer_id":"C11","product_id":"P01","product_category":"food","purchase_count":23,"loyalty_score":8.0},{"customer_id":"C110","product_id":"P01","product_category":"food","purchase_count":10,"loyalty_score":3.0},{"customer_id":"C111","product_id":"P01","product_category":"food","purchase_count":10,"loyalty_score":6.0},{"customer_id":"C112","product_id":"P01","product_category":"food","purchase_count":13,"loyalty_score":5.0},{"customer_id":"C113","product_id":"P01","product_category":"food","purchase_count":31,"loyalty_score":2.0},{"customer_id":"C114","product_id":"P01","product_category":"food","purchase_count":23,"loyalty_score":8.0},{"customer_id":"C115","product_id":"P01","product_category":"food","purchase_count":13,"loyalty_score":6.0},{"customer_id":"C116","product_id":"P01","product_category":"food","purchase_count":23,"loyalty_score":2.0},{"customer_id":"C117","product_id":"P01","product_category":"food","purchase_count":23,"loyalty_score":5.0},{"customer_id":"C118","product_id":"P01","product_category":"food","purchase_count":7,"loyalty_score":1.0},{"customer_id":"C119","product_id":"P01","product_category":"food","purchase_count":13,"loyalty_score":10.0},{"customer_id":"C12","product_id":"P01","product_category":"food","purchase_count":19,"loyalty_score":6.0},{"customer_id":"C120","product_id":"P01","product_category":"food","purchase_count":19,"loyalty_score":9.0},{"customer_id":"C121","product_id":"P01","product_category":"food","purchase_count":7,"loyalty_score":1.0},{"customer_id":"C122","product_id":"P01","product_category":"food","purchase_count":10,"loyalty_score":10.0},{"customer_id":"C123","product_id":"P01","product_category":"food","purchase_count":23,"loyalty_score":3.0},{"customer_id":"C124","product_id":"P01","product_category":"food","purchase_count":13,"loyalty_score":7.0},{"customer_id":"C125","product_id":"P01","product_category":"food","purchase_count":10,"loyalty_score":4.0},{"customer_id":"C126","product_id":"P01","product_category":"food","purchase_count":19,"loyalty_score":9.0},{"customer_id":"C127","product_id":"P01","product_category":"food","purchase_count":7,"loyalty_score":3.0},{"customer_id":"C128","product_id":"P01","product_category":"food","purchase_count":7,"loyalty_score":5.0},{"customer_id":"C129","product_id":"P01","product_category":"food","purchase_count":31,"loyalty_score":3.0},{"customer_id":"C13","product_id":"P01","product_category":"food","purchase_count":31,"loyalty_score":7.0},{"customer_id":"C130","product_id":"P01","product_category":"food","purchase_count":31,"loyalty_score":5.0},{"customer_id":"C131","product_id":"P01","product_category":"food","purchase_count":10,"loyalty_score":9.0},{"customer_id":"C132","product_id":"P01","product_category":"food","purchase_count":10,"loyalty_score":7.0},{"customer_id":"C133","product_id":"P01","product_category":"food","purchase_count":31,"loyalty_score":2.0},{"customer_id":"C134","product_id":"P01","product_category":"food","purchase_count":19,"loyalty_score":4.0},{"customer_id":"C135","product_id":"P01","product_category":"food","purchase_count":19,"loyalty_score":9.0},{"customer_id":"C136","product_id":"P01","product_category":"food","purchase_count":10,"loyalty_score":2.0},{"customer_id":"C137","product_id":"P01","product_category":"food","purchase_count":13,"loyalty_score":10.0},{"customer_id":"C14","product_id":"P01","product_category":"food","purchase_count":7,"loyalty_score":9.0},{"customer_id":"C15","product_id":"P01","product_category":"food","purchase_count":31,"loyalty_score":10.0},{"customer_id":"C15","product_id":"P01","product_category":"house","purchase_count":1,"loyalty_score":5.0},{"customer_id":"C15","product_id":"P02","product_category":"house","purchase_count":1,"loyalty_score":2.0},{"customer_id":"C15","product_id":"P03","product_category":"house","purchase_count":1,"loyalty_score":4.0},{"customer_id":"C15","product_id":"P04","product_category":"house","purchase_count":1,"loyalty_score":7.0},{"customer_id":"C15","product_id":"P05","product_category":"house","purchase_count":1,"loyalty_score":8.0},{"customer_id":"C15","product_id":"P06","product_category":"house","purchase_count":1,"loyalty_score":3.0},{"customer_id":"C15","product_id":"P07","product_category":"house","purchase_count":1,"loyalty_score":1.0},{"customer_id":"C15","product_id":"P08","product_category":"house","purchase_count":1,"loyalty_score":4.0},{"customer_id":"C15","product_id":"P09","product_category":"house","purchase_count":1,"loyalty_score":2.0},{"customer_id":"C15","product_id":"P10","product_category":"house","purchase_count":1,"loyalty_score":8.0},{"customer_id":"C15","product_id":"P11","product_category":"house","purchase_count":1,"loyalty_score":4.0},{"customer_id":"C15","product_id":"P12","product_category":"house","purchase_count":1,"loyalty_score":2.0},{"customer_id":"C15","product_id":"P13","product_category":"clothes","purchase_count":1,"loyalty_score":6.0},{"customer_id":"C15","product_id":"P14","product_category":"clothes","purchase_count":1,"loyalty_score":6.0},{"customer_id":"C15","product_id":"P15","product_category":"clothes","purchase_count":1,"loyalty_score":10.0},{"customer_id":"C15","product_id":"P16","product_category":"clothes","purchase_count":1,"loyalty_score":4.0},{"customer_id":"C15","product_id":"P17","product_category":"clothes","purchase_count":1,"loyalty_score":6.0},{"customer_id":"C15","product_id":"P18","product_category":"clothes","purchase_count":1,"loyalty_score":2.0},{"customer_id":"C15","product_id":"P19","product_category":"clothes","purchase_count":1,"loyalty_score":10.0},{"customer_id":"C15","product_id":"P20","product_category":"clothes","purchase_count":1,"loyalty_score":2.0},{"customer_id":"C15","product_id":"P21","product_category":"clothes","purchase_count":1,"loyalty_score":10.0},{"customer_id":"C15","product_id":"P22","product_category":"fruit_veg","purchase_count":1,"loyalty_score":4.0},{"customer_id":"C15","product_id":"P23","product_category":"fruit_veg","purchase_count":1,"loyalty_score":8.0},{"customer_id":"C15","product_id":"P24","product_category":"fruit_veg","purchase_count":1,"loyalty_score":7.0},{"customer_id":"C15","product_id":"P25","product_category":"fruit_veg","purchase_count":1,"loyalty_score":9.0},{"customer_id":"C15","product_id":"P26","product_category":"fruit_veg","purchase_count":1,"loyalty_score":8.0},{"customer_id":"C15","product_id":"P27","product_category":"fruit_veg","purchase_count":1,"loyalty_score":5.0},{"customer_id":"C15","product_id":"P28","product_category":"fruit_veg","purchase_count":1,"loyalty_score":2.0},{"customer_id":"C15","product_id":"P29","product_category":"fruit_veg","purchase_count":1,"loyalty_score":5.0},{"customer_id":"C15","product_id":"P30","product_category":"fruit_veg","purchase_count":1,"loyalty_score":8.0},{"customer_id":"C15","product_id":"P31","product_category":"fruit_veg","purchase_count":1,"loyalty_score":10.0},{"customer_id":"C15","product_id":"P32","product_category":"fruit_veg","purchase_count":1,"loyalty_score":9.0},{"customer_id":"C15","product_id":"P33","product_category":"fruit_veg","purchase_count":1,"loyalty_score":9.0},{"customer_id":"C15","product_id":"P34","product_category":"fruit_veg","purchase_count":1,"loyalty_score":1.0},{"customer_id":"C15","product_id":"P35","product_category":"sweets","purchase_count":1,"loyalty_score":9.0},{"customer_id":"C15","product_id":"P36","product_category":"sweets","purchase_count":1,"loyalty_score":7.0},{"customer_id":"C15","product_id":"P37","product_category":"sweets","purchase_count":1,"loyalty_score":9.0},{"customer_id":"C15","product_id":"P38","product_category":"sweets","purchase_count":1,"loyalty_score":8.0},{"customer_id":"C15","product_id":"P39","product_category":"sweets","purchase_count":1,"loyalty_score":1.0},{"customer_id":"C15","product_id":"P40","product_category":"sweets","purchase_count":1,"loyalty_score":8.0},{"customer_id":"C15","product_id":"P41","product_category":"food","purchase_count":1,"loyalty_score":8.0},{"customer_id":"C15","product_id":"P42","product_category":"food","purchase_count":1,"loyalty_score":3.0},{"customer_id":"C15","product_id":"P43","product_category":"food","purchase_count":1,"loyalty_score":1.0},{"customer_id":"C15","product_id":"P44","product_category":"food","purchase_count":1,"loyalty_score":8.0},{"customer_id":"C15","product_id":"P45","product_category":"food","purchase_count":1,"loyalty_score":3.0},{"customer_id":"C15","product_id":"P46","product_category":"food","purchase_count":1,"loyalty_score":3.0},{"customer_id":"C15","product_id":"P47","product_category":"food","purchase_count":1,"loyalty_score":1.0},{"customer_id":"C15","product_id":"P48","product_category":"food","purchase_count":1,"loyalty_score":5.0},{"customer_id":"C15","product_id":"P49","product_category":"food","purchase_count":1,"loyalty_score":10.0},{"customer_id":"C15","product_id":"P50","product_category":"food","purchase_count":1,"loyalty_score":7.0},{"customer_id":"C15","product_id":"P51","product_category":"food","purchase_count":1,"loyalty_score":10.0},{"customer_id":"C15","product_id":"P52","product_category":"food","purchase_count":1,"loyalty_score":9.0},{"customer_id":"C15","product_id":"P53","product_category":"food","purchase_count":1,"loyalty_score":7.0},{"customer_id":"C15","product_id":"P54","product_category":"food","purchase_count":1,"loyalty_score":9.0},{"customer_id":"C15","product_id":"P55","product_category":"food","purchase_count":1,"loyalty_score":8.0},{"customer_id":"C15","product_id":"P56","product_category":"food","purchase_count":1,"loyalty_score":2.0},{"customer_id":"C15","product_id":"P57","product_category":"food","purchase_count":1,"loyalty_score":1.0},{"customer_id":"C15","product_id":"P58","product_category":"food","purchase_count":1,"loyalty_score":7.0},{"customer_id":"C15","product_id":"P59","product_category":"food","purchase_count":1,"loyalty_score":7.0},{"customer_id":"C15","product_id":"P60","product_category":"food","purchase_count":1,"loyalty_score":8.0},{"customer_id":"C15","product_id":"P61","product_category":"bws","purchase_count":1,"loyalty_score":5.0},{"customer_id":"C15","product_id":"P62","product_category":"bws","purchase_count":1,"loyalty_score":3.0},{"customer_id":"C15","product_id":"P63","product_category":"bws","purchase_count":1,"loyalty_score":8.0},{"customer_id":"C15","product_id":"P64","product_category":"bws","purchase_count":1,"loyalty_score":6.0},{"customer_id":"C16","product_id":"P01","product_category":"food","purchase_count":7,"loyalty_score":3.0},{"customer_id":"C17","product_id":"P01","product_category":"food","purchase_count":10,"loyalty_score":1.0},{"customer_id":"C18","product_id":"P01","product_category":"food","purchase_count":13,"loyalty_score":3.0},{"customer_id":"C19","product_id":"P01","product_category":"food","purchase_count":10,"loyalty_score":5.0},{"customer_id":"C2","product_id":"P01","product_category":"food","purchase_count":13,"loyalty_score":3.0},{"customer_id":"C20","product_id":"P01","product_category":"food","purchase_count":10,"loyalty_score":1.0},{"customer_id":"C21","product_id":"P01","product_category":"food","purchase_count":31,"loyalty_score":5.0},{"customer_id":"C22","product_id":"P01","product_category":"food","purchase_count":23,"loyalty_score":10.0},{"customer_id":"C23","product_id":"P01","product_category":"food","purchase_count":13,"loyalty_score":7.0},{"customer_id":"C24","product_id":"P01","product_category":"food","purchase_count":10,"loyalty_score":7.0},{"customer_id":"C25","product_id":"P01","product_category":"food","purchase_count":13,"loyalty_score":9.0},{"customer_id":"C26","product_id":"P01","product_category":"food","purchase_count":7,"loyalty_score":10.0},{"customer_id":"C27","product_id":"P01","product_category":"food","purchase_count":7,"loyalty_score":10.0},{"customer_id":"C28","product_id":"P01","product_category":"food","purchase_count":31,"loyalty_score":3.0},{"customer_id":"C29","product_id":"P01","product_category":"food","purchase_count":31,"loyalty_score":7.0},{"customer_id":"C3","product_id":"P01","product_category":"food","purchase_count":10,"loyalty_score":1.0},{"customer_id":"C30","product_id":"P01","product_category":"food","purchase_count":23,"loyalty_score":4.0},{"customer_id":"C31","product_id":"P01","product_category":"food","purchase_count":23,"loyalty_score":4.0},{"customer_id":"C32","product_id":"P01","product_category":"food","purchase_count":19,"loyalty_score":5.0},{"customer_id":"C33","product_id":"P01","product_category":"food","purchase_count":10,"loyalty_score":7.0},{"customer_id":"C34","product_id":"P01","product_category":"food","purchase_count":31,"loyalty_score":7.0},{"customer_id":"C35","product_id":"P01","product_category":"food","purchase_count":13,"loyalty_score":4.0},{"customer_id":"C36","product_id":"P01","product_category":"food","purchase_count":10,"loyalty_score":7.0},{"customer_id":"C37","product_id":"P01","product_category":"food","purchase_count":31,"loyalty_score":3.0},{"customer_id":"C38","product_id":"P01","product_category":"food","purchase_count":23,"loyalty_score":6.0},{"customer_id":"C39","product_id":"P01","product_category":"food","purchase_count":23,"loyalty_score":2.0},{"customer_id":"C4","product_id":"P01","product_category":"food","purchase_count":19,"loyalty_score":10.0},{"customer_id":"C40","product_id":"P01","product_category":"food","purchase_count":19,"loyalty_score":9.0},{"customer_id":"C41","product_id":"P01","product_category":"food","purchase_count":19,"loyalty_score":7.0},{"customer_id":"C42","product_id":"P01","product_category":"food","purchase_count":23,"loyalty_score":7.0},{"customer_id":"C43","product_id":"P01","product_category":"food","purchase_count":23,"loyalty_score":7.0},{"customer_id":"C44","product_id":"P01","product_category":"food","purchase_count":10,"loyalty_score":7.0},{"customer_id":"C45","product_id":"P01","product_category":"food","purchase_count":7,"loyalty_score":7.0},{"customer_id":"C46","product_id":"P01","product_category":"food","purchase_count":10,"loyalty_score":7.0},{"customer_id":"C47","product_id":"P01","product_category":"food","purchase_count":19,"loyalty_score":7.0},{"customer_id":"C48","product_id":"P01","product_category":"food","purchase_count":13,"loyalty_score":7.0},{"customer_id":"C49","product_id":"P01","product_category":"food","purchase_count":10,"loyalty_score":7.0},{"customer_id":"C5","product_id":"P01","product_category":"food","purchase_count":10,"loyalty_score":7.0},{"customer_id":"C50","product_id":"P01","product_category":"food","purchase_count":19,"loyalty_score":7.0},{"customer_id":"C51","product_id":"P01","product_category":"food","purchase_count":7,"loyalty_score":7.0},{"customer_id":"C52","product_id":"P01","product_category":"food","purchase_count":10,"loyalty_score":7.0},{"customer_id":"C53","product_id":"P01","product_category":"food","purchase_count":13,"loyalty_score":7.0},{"customer_id":"C54","product_id":"P01","product_category":"food","purchase_count":7,"loyalty_score":7.0},{"customer_id":"C55","product_id":"P01","product_category":"food","purchase_count":23,"loyalty_score":7.0},{"customer_id":"C56","product_id":"P01","product_category":"food","purchase_count":31,"loyalty_score":7.0},{"customer_id":"C57","product_id":"P01","product_category":"food","purchase_count":7,"loyalty_score":7.0},{"customer_id":"C58","product_id":"P01","product_category":"food","purchase_count":7,"loyalty_score":7.0},{"customer_id":"C59","product_id":"P01","product_category":"food","purchase_count":10,"loyalty_score":7.0},{"customer_id":"C6","product_id":"P01","product_category":"food","purchase_count":7,"loyalty_score":7.0},{"customer_id":"C60","product_id":"P01","product_category":"food","purchase_count":23,"loyalty_score":7.0},{"customer_id":"C61","product_id":"P01","product_category":"food","purchase_count":7,"loyalty_score":7.0},{"customer_id":"C62","product_id":"P01","product_category":"food","purchase_count":19,"loyalty_score":7.0},{"customer_id":"C63","product_id":"P01","product_category":"food","purchase_count":19,"loyalty_score":7.0},{"customer_id":"C64","product_id":"P01","product_category":"food","purchase_count":31,"loyalty_score":7.0},{"customer_id":"C65","product_id":"P01","product_category":"food","purchase_count":31,"loyalty_score":7.0},{"customer_id":"C66","product_id":"P01","product_category":"food","purchase_count":31,"loyalty_score":7.0},{"customer_id":"C67","product_id":"P01","product_category":"food","purchase_count":10,"loyalty_score":7.0},{"customer_id":"C68","product_id":"P01","product_category":"food","purchase_count":10,"loyalty_score":7.0},{"customer_id":"C69","product_id":"P01","product_category":"food","purchase_count":13,"loyalty_score":7.0},{"customer_id":"C7","product_id":"P01","product_category":"food","purchase_count":7,"loyalty_score":7.0},{"customer_id":"C70","product_id":"P01","product_category":"food","purchase_count":23,"loyalty_score":7.0},{"customer_id":"C71","product_id":"P01","product_category":"food","purchase_count":7,"loyalty_score":7.0},{"customer_id":"C72","product_id":"P01","product_category":"food","purchase_count":7,"loyalty_score":7.0},{"customer_id":"C73","product_id":"P01","product_category":"food","purchase_count":19,"loyalty_score":7.0},{"customer_id":"C74","product_id":"P01","product_category":"food","purchase_count":13,"loyalty_score":7.0},{"customer_id":"C75","product_id":"P01","product_category":"food","purchase_count":7,"loyalty_score":7.0},{"customer_id":"C76","product_id":"P01","product_category":"food","purchase_count":23,"loyalty_score":7.0},{"customer_id":"C77","product_id":"P01","product_category":"food","purchase_count":13,"loyalty_score":7.0},{"customer_id":"C78","product_id":"P01","product_category":"food","purchase_count":10,"loyalty_score":7.0},{"customer_id":"C79","product_id":"P01","product_category":"food","purchase_count":31,"loyalty_score":7.0},{"customer_id":"C8","product_id":"P01","product_category":"food","purchase_count":19,"loyalty_score":7.0},{"customer_id":"C80","product_id":"P01","product_category":"food","purchase_count":13,"loyalty_score":7.0},{"customer_id":"C81","product_id":"P01","product_category":"food","purchase_count":23,"loyalty_score":7.0},{"customer_id":"C82","product_id":"P01","product_category":"food","purchase_count":13,"loyalty_score":7.0},{"customer_id":"C83","product_id":"P01","product_category":"food","purchase_count":10,"loyalty_score":7.0},{"customer_id":"C84","product_id":"P01","product_category":"food","purchase_count":13,"loyalty_score":7.0},{"customer_id":"C85","product_id":"P01","product_category":"food","purchase_count":13,"loyalty_score":7.0},{"customer_id":"C86","product_id":"P01","product_category":"food","purchase_count":23,"loyalty_score":7.0},{"customer_id":"C87","product_id":"P01","product_category":"food","purchase_count":31,"loyalty_score":7.0},{"customer_id":"C88","product_id":"P01","product_category":"food","purchase_count":7,"loyalty_score":7.0},{"customer_id":"C89","product_id":"P01","product_category":"food","purchase_count":23,"loyalty_score":7.0},{"customer_id":"C9","product_id":"P01","product_category":"food","purchase_count":23,"loyalty_score":7.0},{"customer_id":"C90","product_id":"P01","product_category":"food","purchase_count":19,"loyalty_score":7.0},{"customer_id":"C91","product_id":"P01","product_category":"food","purchase_count":13,"loyalty_score":7.0},{"customer_id":"C92","product_id":"P01","product_category":"food","purchase_count":13,"loyalty_score":7.0},{"customer_id":"C93","product_id":"P01","product_category":"food","purchase_count":13,"loyalty_score":7.0},{"customer_id":"C94","product_id":"P01","product_category":"food","purchase_count":7,"loyalty_score":7.0},{"customer_id":"C95","product_id":"P01","product_category":"food","purchase_count":19,"loyalty_score":7.0},{"customer_id":"C96","product_id":"P01","product_category":"food","purchase_count":19,"loyalty_score":7.0},{"customer_id":"C97","product_id":"P01","product_category":"food","purchase_count":13,"loyalty_score":7.0},{"customer_id":"C98","product_id":"P01","product_category":"food","purchase_count":19,"loyalty_score":7.0},{"customer_id":"C99","product_id":"P01","product_category":"food","purchase_count":23,"loyalty_score":7.0}]