{"customer_id": "C2", "basket": [{"product_id": "P02", "price": 9}, {"product_id": "P08", "price": 1508}, {"product_id": "P03", "price": 1077}], "date_of_purchase": "2019-02-05 17:12:00"}
{"customer_id": "C8", "basket": [{"product_id": "P55", "price": 1905}, {"product_id": "P45", "price": 1429}], "date_of_purchase": "2019-02-05 20:30:00"}
{"customer_id": "C10", "basket": [{"product_id": "P25", "price": 65}, {"product_id": "P25", "price": 355}, {"product_id": "P34", "price": 349}], "date_of_purchase": "2019-02-05 21:06:00"}
{"customer_id": "C13", "basket": [{"product_id": "P38", "price": 303}, {"product_id": "P37", "price": 24}], "date_of_purchase": "2019-02-05 14:35:00"}
{"customer_id": "C15", "basket": [{"product_id": "P64", "price": 1534}, {"product_id": "P63", "price": 474}], "date_of_purchase": "2019-02-05 22:54:00"}
{"customer_id": "C21", "basket": [{"product_id": "P17", "price": 1845}, {"product_id": "P15", "price": 1614}], "date_of_purchase": "2019-02-05 21:39:00"}
{"customer_id": "C29", "basket": [{"product_id": "P07", "price": 455}], "date_of_purchase": "2019-02-05 16:06:00"}
{"customer_id": "C32", "basket": [{"product_id": "P35", "price": 1652}], "date_of_purchase": "2019-02-05 20:47:00"}
{"customer_id": "C37", "basket": [{"product_id": "P24", "price": 942}], "date_of_purchase": "2019-02-05 07:58:00"}
{"customer_id": "C40", "basket": [{"product_id": "P38", "price": 1672}, {"product_id": "P38", "price": 1901}, {"product_id": "P35", "price": 626}], "date_of_purchase": "2019-02-05 06:19:00"}
{"customer_id": "C43", "basket": [{"product_id": "P53", "price": 1757}], "date_of_purchase": "2019-02-05 16:07:00"}
{"customer_id": "C62", "basket": [{"product_id": "P37", "price": 1207}], "date_of_purchase": "2019-02-05 12:31:00"}
{"customer_id": "C64", "basket": [{"product_id": "P38", "price": 90}, {"product_id": "P40", "price": 1127}], "date_of_purchase": "2019-02-05 11:52:00"}
{"customer_id": "C79", "basket": [{"product_id": "P57", "price": 271}, {"product_id": "P57", "price": 1190}, {"product_id": "P60", "price": 38}], "date_of_purchase": "2019-02-05 19:08:00"}
{"customer_id": "C87", "basket": [{"product_id": "P04", "price": 145}, {"product_id": "P11", "price": 589}, {"product_id": "P02", "price": 469}], "date_of_purchase": "2019-02-05 14:23:00"}
{"customer_id": "C99", "basket": [{"product_id": "P27", "price": 1409}, {"product_id": "P24", "price": 1033}, {"product_id": "P28", "price": 958}], "date_of_purchase": "2019-02-05 07:32:00"}
{"customer_id": "C102", "basket": [{"product_id": "P37", "price": 1292}], "date_of_purchase": "2019-02-05 07:50:00"}
{"customer_id": "C113", "basket": [{"product_id": "P23", "price": 80}, {"product_id": "P23", "price": 881}], "date_of_purchase": "2019-02-05 12:58:00"}
{"customer_id": "C119", "basket": [{"product_id": "P26", "price": 1752}], "date_of_purchase": "2019-02-05 08:36:00"}
{"customer_id": "C122", "basket": [{"product_id": "P34", "price": 1963}], "date_of_purchase": "2019-02-05 16:51:00"}
{"customer_id": "C133", "basket": [{"product_id": "P38", "price": 1734}, {"product_id": "P40", "price": 634}], "date_of_purchase": "2019-02-05 04:48:00"}
