{"customer_id": "C16", "basket": [{"product_id": "P24", "price": 183}, {"product_id": "P29", "price": 741}], "date_of_purchase": "2018-12-10 11:44:00"}
{"customer_id": "C21", "basket": [{"product_id": "P09", "price": 1486}], "date_of_purchase": "2018-12-10 20:42:00"}
{"customer_id": "C30", "basket": [{"product_id": "P30", "price": 1666}, {"product_id": "P26", "price": 1388}, {"product_id": "P32", "price": 1079}], "date_of_purchase": "2018-12-10 09:54:00"}
{"customer_id": "C34", "basket": [{"product_id": "P61", "price": 1115}, {"product_id": "P61", "price": 545}, {"product_id": "P64", "price": 290}], "date_of_purchase": "2018-12-10 11:37:00"}
{"customer_id": "C38", "basket": [{"product_id": "P61", "price": 1113}], "date_of_purchase": "2018-12-10 03:57:00"}
{"customer_id": "C53", "basket": [{"product_id": "P63", "price": 1195}, {"product_id": "P62", "price": 1902}, {"product_id": "P61", "price": 1396}], "date_of_purchase": "2018-12-10 18:29:00"}
{"customer_id": "C60", "basket": [{"product_id": "P28", "price": 808}], "date_of_purchase": "2018-12-10 19:38:00"}
{"customer_id": "C65", "basket": [{"product_id": "P21", "price": 1843}], "date_of_purchase": "2018-12-10 03:42:00"}
{"customer_id": "C66", "basket": [{"product_id": "P61", "price": 425}, {"product_id": "P61", "price": 1930}, {"product_id": "P62", "price": 1516}], "date_of_purchase": "2018-12-10 14:40:00"}
{"customer_id": "C70", "basket": [{"product_id": "P21", "price": 850}], "date_of_purchase": "2018-12-10 12:12:00"}
{"customer_id": "C73", "basket": [{"product_id": "P63", "price": 738}, {"product_id": "P61", "price": 544}], "date_of_purchase": "2018-12-10 06:19:00"}
{"customer_id": "C76", "basket": [{"product_id": "P63", "price": 559}, {"product_id": "P62", "price": 1180}, {"product_id": "P61", "price": 1712}], "date_of_purchase": "2018-12-10 21:50:00"}
{"customer_id": "C79", "basket": [{"product_id": "P55", "price": 179}, {"product_id": "P47", "price": 1093}], "date_of_purchase": "2018-12-10 14:54:00"}
{"customer_id": "C84", "basket": [{"product_id": "P07", "price": 823}, {"product_id": "P02", "price": 1968}], "date_of_purchase": "2018-12-10 07:42:00"}
{"customer_id": "C85", "basket": [{"product_id": "P22", "price": 1293}, {"product_id": "P24", "price": 512}], "date_of_purchase": "2018-12-10 17:33:00"}
{"customer_id": "C86", "basket": [{"product_id": "P52", "price": 423}, {"product_id": "P41", "price": 1863}, {"product_id": "P46", "price": 1012}], "date_of_purchase": "2018-12-10 04:55:00"}
{"customer_id": "C87", "basket": [{"product_id": "P05", "price": 71}, {"product_id": "P10", "price": 595}], "date_of_purchase": "2018-12-10 19:39:00"}
{"customer_id": "C92", "basket": [{"product_id": "P63", "price": 1438}, {"product_id": "P62", "price": 372}], "date_of_purchase": "2018-12-10 09:28:00"}
{"customer_id": "C96", "basket": [{"product_id": "P22", "price": 523}, {"product_id": "P32", "price": 332}], "date_of_purchase": "2018-12-10 21:00:00"}
{"customer_id": "C97", "basket": [{"product_id": "P63", "price": 1743}, {"product_id": "P63", "price": 7}], "date_of_purchase": "2018-12-10 22:23:00"}
{"customer_id": "C98", "basket": [{"product_id": "P61", "price": 132}], "date_of_purchase": "2018-12-10 07:34:00"}
{"customer_id": "C101", "basket": [{"product_id": "P09", "price": 1355}, {"product_id": "P12", "price": 1643}, {"product_id": "P10", "price": 1660}], "date_of_purchase": "2018-12-10 07:10:00"}
{"customer_id": "C105", "basket": [{"product_id": "P46", "price": 918}, {"product_id": "P54", "price": 781}], "date_of_purchase": "2018-12-10 03:45:00"}
{"customer_id": "C109", "basket": [{"product_id": "P31", "price": 1246}], "date_of_purchase": "2018-12-10 06:53:00"}
{"customer_id": "C111", "basket": [{"product_id": "P32", "price": 156}, {"product_id": "P34", "price": 22}, {"product_id": "P22", "price": 1852}], "date_of_purchase": "2018-12-10 03:42:00"}
{"customer_id": "C124", "basket": [{"product_id": "P24", "price": 1710}], "date_of_purchase": "2018-12-10 18:48:00"}
{"customer_id": "C128", "basket": [{"product_id": "P64", "price": 576}, {"product_id": "P61", "price": 1448}], "date_of_purchase": "2018-12-10 11:28:00"}
{"customer_id": "C133", "basket": [{"product_id": "P50", "price": 249}], "date_of_purchase": "2018-12-10 03:17:00"}
{"customer_id": "C135", "basket": [{"product_id": "P59", "price": 1941}, {"product_id": "P44", "price": 720}, {"product_id": "P41", "price": 1495}], "date_of_purchase": "2018-12-10 04:43:00"}
