{"customer_id": "C2", "basket": [{"product_id": "P02", "price": 1526}], "date_of_purchase": "2019-02-16 05:44:00"}
{"customer_id": "C22", "basket": [{"product_id": "P36", "price": 1958}, {"product_id": "P38", "price": 510}], "date_of_purchase": "2019-02-16 22:20:00"}
{"customer_id": "C28", "basket": [{"product_id": "P28", "price": 1059}, {"product_id": "P24", "price": 1491}, {"product_id": "P28", "price": 279}], "date_of_purchase": "2019-02-16 23:03:00"}
{"customer_id": "C40", "basket": [{"product_id": "P62", "price": 192}, {"product_id": "P63", "price": 1653}, {"product_id": "P61", "price": 1668}], "date_of_purchase": "2019-02-16 21:11:00"}
{"customer_id": "C42", "basket": [{"product_id": "P59", "price": 32}], "date_of_purchase": "2019-02-16 07:54:00"}
{"customer_id": "C51", "basket": [{"product_id": "P38", "price": 525}, {"product_id": "P39", "price": 1765}, {"product_id": "P37", "price": 16}], "date_of_purchase": "2019-02-16 16:21:00"}
{"customer_id": "C61", "basket": [{"product_id": "P33", "price": 1137}, {"product_id": "P28", "price": 1915}], "date_of_purchase": "2019-02-16 19:41:00"}
{"customer_id": "C69", "basket": [{"product_id": "P22", "price": 596}, {"product_id": "P27", "price": 1394}], "date_of_purchase": "2019-02-16 19:51:00"}
{"customer_id": "C81", "basket": [{"product_id": "P60", "price": 1682}, {"product_id": "P41", "price": 895}, {"product_id": "P56", "price": 998}], "date_of_purchase": "2019-02-16 14:06:00"}
{"customer_id": "C87", "basket": [{"product_id": "P12", "price": 1271}, {"product_id": "P06", "price": 1839}, {"product_id": "P12", "price": 501}], "date_of_purchase": "2019-02-16 22:13:00"}
{"customer_id": "C129", "basket": [{"product_id": "P06", "price": 854}, {"product_id": "P12", "price": 619}], "date_of_purchase": "2019-02-16 22:22:00"}
{"customer_id": "C134", "basket": [{"product_id": "P64", "price": 1082}], "date_of_purchase": "2019-02-16 07:20:00"}
