{"customer_id": "C6", "basket": [{"product_id": "P21", "price": 854}], "date_of_purchase": "2019-01-05 07:27:00"}
{"customer_id": "C13", "basket": [{"product_id": "P35", "price": 1999}, {"product_id": "P36", "price": 1146}, {"product_id": "P39", "price": 1517}], "date_of_purchase": "2019-01-05 05:12:00"}
{"customer_id": "C15", "basket": [{"product_id": "P64", "price": 53}], "date_of_purchase": "2019-01-05 17:19:00"}
{"customer_id": "C28", "basket": [{"product_id": "P24", "price": 1799}, {"product_id": "P22", "price": 1244}, {"product_id": "P33", "price": 337}], "date_of_purchase": "2019-01-05 09:04:00"}
{"customer_id": "C29", "basket": [{"product_id": "P30", "price": 694}, {"product_id": "P24", "price": 95}], "date_of_purchase": "2019-01-05 07:20:00"}
{"customer_id": "C31", "basket": [{"product_id": "P08", "price": 1632}], "date_of_purchase": "2019-01-05 17:42:00"}
{"customer_id": "C35", "basket": [{"product_id": "P64", "price": 15}, {"product_id": "P61", "price": 1092}, {"product_id": "P61", "price": 733}], "date_of_purchase": "2019-01-05 18:17:00"}
{"customer_id": "C37", "basket": [{"product_id": "P33", "price": 834}, {"product_id": "P28", "price": 1472}, {"product_id": "P23", "price": 1131}], "date_of_purchase": "2019-01-05 05:55:00"}
{"customer_id": "C39", "basket": [{"product_id": "P63", "price": 240}, {"product_id": "P61", "price": 942}, {"product_id": "P62", "price": 968}], "date_of_purchase": "2019-01-05 11:19:00"}
{"customer_id": "C40", "basket": [{"product_id": "P40", "price": 1590}], "date_of_purchase": "2019-01-05 21:40:00"}
{"customer_id": "C47", "basket": [{"product_id": "P60", "price": 551}], "date_of_purchase": "2019-01-05 10:33:00"}
{"customer_id": "C49", "basket": [{"product_id": "P61", "price": 298}, {"product_id": "P63", "price": 67}], "date_of_purchase": "2019-01-05 16:23:00"}
{"customer_id": "C55", "basket": [{"product_id": "P35", "price": 1305}, {"product_id": "P36", "price": 1609}, {"product_id": "P39", "price": 1054}], "date_of_purchase": "2019-01-05 09:37:00"}
{"customer_id": "C64", "basket": [{"product_id": "P36", "price": 1028}], "date_of_purchase": "2019-01-05 12:42:00"}
{"customer_id": "C65", "basket": [{"product_id": "P63", "price": 1716}], "date_of_purchase": "2019-01-05 21:24:00"}
{"customer_id": "C73", "basket": [{"product_id": "P11", "price": 1864}, {"product_id": "P02", "price": 1882}, {"product_id": "P11", "price": 1714}], "date_of_purchase": "2019-01-05 16:58:00"}
{"customer_id": "C83", "basket": [{"product_id": "P62", "price": 1526}, {"product_id": "P62", "price": 1235}], "date_of_purchase": "2019-01-05 15:10:00"}
{"customer_id": "C87", "basket": [{"product_id": "P08", "price": 48}, {"product_id": "P09", "price": 1407}], "date_of_purchase": "2019-01-05 23:58:00"}
{"customer_id": "C96", "basket": [{"product_id": "P30", "price": 926}], "date_of_purchase": "2019-01-05 14:40:00"}
{"customer_id": "C97", "basket": [{"product_id": "P61", "price": 1001}], "date_of_purchase": "2019-01-05 04:40:00"}
{"customer_id": "C98", "basket": [{"product_id": "P37", "price": 1701}, {"product_id": "P40", "price": 1935}], "date_of_purchase": "2019-01-05 12:16:00"}
{"customer_id": "C114", "basket": [{"product_id": "P45", "price": 1828}, {"product_id": "P58", "price": 1050}, {"product_id": "P50", "price": 789}], "date_of_purchase": "2019-01-05 23:18:00"}
{"customer_id": "C123", "basket": [{"product_id": "P04", "price": 27}, {"product_id": "P09", "price": 316}], "date_of_purchase": "2019-01-05 18:31:00"}
{"customer_id": "C133", "basket": [{"product_id": "P52", "price": 1848}, {"product_id": "P57", "price": 1239}, {"product_id": "P46", "price": 1286}], "date_of_purchase": "2019-01-05 12:12:00"}
{"customer_id": "C134", "basket": [{"product_id": "P24", "price": 301}, {"product_id": "P22", "price": 1029}, {"product_id": "P24", "price": 463}], "date_of_purchase": "2019-01-05 06:54:00"}
