{"customer_id": "C4", "basket": [{"product_id": "P08", "price": 1259}], "date_of_purchase": "2019-01-09 03:46:00"}
{"customer_id": "C12", "basket": [{"product_id": "P31", "price": 1523}], "date_of_purchase": "2019-01-09 13:47:00"}
{"customer_id": "C35", "basket": [{"product_id": "P40", "price": 916}], "date_of_purchase": "2019-01-09 08:12:00"}
{"customer_id": "C37", "basket": [{"product_id": "P23", "price": 183}, {"product_id": "P31", "price": 196}], "date_of_purchase": "2019-01-09 10:12:00"}
{"customer_id": "C41", "basket": [{"product_id": "P23", "price": 1613}, {"product_id": "P26", "price": 1759}], "date_of_purchase": "2019-01-09 22:42:00"}
{"customer_id": "C43", "basket": [{"product_id": "P05", "price": 683}, {"product_id": "P01", "price": 815}], "date_of_purchase": "2019-01-09 18:37:00"}
{"customer_id": "C47", "basket": [{"product_id": "P44", "price": 1130}, {"product_id": "P51", "price": 1921}, {"product_id": "P49", "price": 1818}], "date_of_purchase": "2019-01-09 03:24:00"}
{"customer_id": "C48", "basket": [{"product_id": "P05", "price": 695}, {"product_id": "P08", "price": 534}], "date_of_purchase": "2019-01-09 04:22:00"}
{"customer_id": "C53", "basket": [{"product_id": "P37", "price": 227}, {"product_id": "P38", "price": 770}, {"product_id": "P38", "price": 1960}], "date_of_purchase": "2019-01-09 03:31:00"}
{"customer_id": "C64", "basket": [{"product_id": "P36", "price": 1070}, {"product_id": "P38", "price": 778}, {"product_id": "P40", "price": 828}], "date_of_purchase": "2019-01-09 05:45:00"}
{"customer_id": "C73", "basket": [{"product_id": "P51", "price": 50}, {"product_id": "P55", "price": 193}, {"product_id": "P41", "price": 997}], "date_of_purchase": "2019-01-09 10:29:00"}
{"customer_id": "C77", "basket": [{"product_id": "P37", "price": 1111}], "date_of_purchase": "2019-01-09 23:19:00"}
{"customer_id": "C82", "basket": [{"product_id": "P63", "price": 393}, {"product_id": "P61", "price": 1594}, {"product_id": "P64", "price": 882}], "date_of_purchase": "2019-01-09 02:58:00"}
{"customer_id": "C84", "basket": [{"product_id": "P50", "price": 1001}], "date_of_purchase": "2019-01-09 07:08:00"}
{"customer_id": "C90", "basket": [{"product_id": "P37", "price": 517}, {"product_id": "P37", "price": 359}, {"product_id": "P38", "price": 1065}], "date_of_purchase": "2019-01-09 20:38:00"}
{"customer_id": "C103", "basket": [{"product_id": "P58", "price": 1985}, {"product_id": "P48", "price": 1207}], "date_of_purchase": "2019-01-09 04:35:00"}
{"customer_id": "C104", "basket": [{"product_id": "P18", "price": 1145}, {"product_id": "P17", "price": 1571}], "date_of_purchase": "2019-01-09 11:59:00"}
{"customer_id": "C107", "basket": [{"product_id": "P60", "price": 945}, {"product_id": "P60", "price": 134}, {"product_id": "P59", "price": 849}], "date_of_purchase": "2019-01-09 20:50:00"}
{"customer_id": "C126", "basket": [{"product_id": "P37", "price": 944}, {"product_id": "P35", "price": 1549}], "date_of_purchase": "2019-01-09 05:48:00"}
{"customer_id": "C129", "basket": [{"product_id": "P05", "price": 213}, {"product_id": "P04", "price": 1849}, {"product_id": "P06", "price": 66}], "date_of_purchase": "2019-01-09 17:13:00"}
{"customer_id": "C134", "basket": [{"product_id": "P63", "price": 1697}, {"product_id": "P63", "price": 1009}], "date_of_purchase": "2019-01-09 03:02:00"}
{"customer_id": "C135", "basket": [{"product_id": "P52", "price": 1387}, {"product_id": "P49", "price": 1278}], "date_of_purchase": "2019-01-09 09:58:00"}
