{"customer_id": "C4", "basket": [{"product_id": "P35", "price": 1126}, {"product_id": "P38", "price": 1483}], "date_of_purchase": "2019-01-08 11:04:00"}
{"customer_id": "C23", "basket": [{"product_id": "P03", "price": 348}, {"product_id": "P12", "price": 1044}, {"product_id": "P06", "price": 701}], "date_of_purchase": "2019-01-08 16:33:00"}
{"customer_id": "C28", "basket": [{"product_id": "P15", "price": 996}], "date_of_purchase": "2019-01-08 15:41:00"}
{"customer_id": "C34", "basket": [{"product_id": "P33", "price": 1839}], "date_of_purchase": "2019-01-08 20:06:00"}
{"customer_id": "C35", "basket": [{"product_id": "P39", "price": 152}], "date_of_purchase": "2019-01-08 21:49:00"}
{"customer_id": "C37", "basket": [{"product_id": "P63", "price": 625}, {"product_id": "P63", "price": 251}], "date_of_purchase": "2019-01-08 14:01:00"}
{"customer_id": "C40", "basket": [{"product_id": "P61", "price": 1928}, {"product_id": "P61", "price": 32}, {"product_id": "P64", "price": 1687}], "date_of_purchase": "2019-01-08 23:30:00"}
{"customer_id": "C60", "basket": [{"product_id": "P23", "price": 178}], "date_of_purchase": "2019-01-08 11:33:00"}
{"customer_id": "C61", "basket": [{"product_id": "P44", "price": 1694}, {"product_id": "P55", "price": 936}, {"product_id": "P57", "price": 1711}], "date_of_purchase": "2019-01-08 11:12:00"}
{"customer_id": "C64", "basket": [{"product_id": "P18", "price": 517}], "date_of_purchase": "2019-01-08 03:22:00"}
{"customer_id": "C82", "basket": [{"product_id": "P62", "price": 1323}, {"product_id": "P64", "price": 128}, {"product_id": "P61", "price": 1648}], "date_of_purchase": "2019-01-08 06:59:00"}
{"customer_id": "C87", "basket": [{"product_id": "P01", "price": 1376}, {"product_id": "P09", "price": 1626}], "date_of_purchase": "2019-01-08 22:43:00"}
{"customer_id": "C89", "basket": [{"product_id": "P36", "price": 520}], "date_of_purchase": "2019-01-08 20:43:00"}
{"customer_id": "C100", "basket": [{"product_id": "P28", "price": 390}], "date_of_purchase": "2019-01-08 06:33:00"}
{"customer_id": "C103", "basket": [{"product_id": "P44", "price": 654}, {"product_id": "P41", "price": 548}], "date_of_purchase": "2019-01-08 04:00:00"}
{"customer_id": "C117", "basket": [{"product_id": "P63", "price": 1073}], "date_of_purchase": "2019-01-08 19:37:00"}
{"customer_id": "C129", "basket": [{"product_id": "P05", "price": 1893}, {"product_id": "P07", "price": 706}, {"product_id": "P11", "price": 561}], "date_of_purchase": "2019-01-08 20:02:00"}
{"customer_id": "C133", "basket": [{"product_id": "P35", "price": 931}, {"product_id": "P40", "price": 85}], "date_of_purchase": "2019-01-08 21:08:00"}
