{"customer_id": "C3", "basket": [{"product_id": "P17", "price": 701}, {"product_id": "P13", "price": 937}, {"product_id": "P18", "price": 231}], "date_of_purchase": "2019-01-21 11:53:00"}
{"customer_id": "C12", "basket": [{"product_id": "P31", "price": 1127}, {"product_id": "P23", "price": 1459}], "date_of_purchase": "2019-01-21 17:26:00"}
{"customer_id": "C25", "basket": [{"product_id": "P25", "price": 1139}], "date_of_purchase": "2019-01-21 10:37:00"}
{"customer_id": "C28", "basket": [{"product_id": "P21", "price": 1294}], "date_of_purchase": "2019-01-21 08:27:00"}
{"customer_id": "C29", "basket": [{"product_id": "P33", "price": 1638}], "date_of_purchase": "2019-01-21 23:09:00"}
{"customer_id": "C35", "basket": [{"product_id": "P39", "price": 558}, {"product_id": "P40", "price": 799}, {"product_id": "P39", "price": 969}], "date_of_purchase": "2019-01-21 05:01:00"}
{"customer_id": "C39", "basket": [{"product_id": "P64", "price": 1200}, {"product_id": "P63", "price": 1925}], "date_of_purchase": "2019-01-21 04:11:00"}
{"customer_id": "C40", "basket": [{"product_id": "P36", "price": 779}], "date_of_purchase": "2019-01-21 13:28:00"}
{"customer_id": "C49", "basket": [{"product_id": "P28", "price": 1021}, {"product_id": "P23", "price": 80}], "date_of_purchase": "2019-01-21 16:18:00"}
{"customer_id": "C50", "basket": [{"product_id": "P38", "price": 915}], "date_of_purchase": "2019-01-21 19:03:00"}
{"customer_id": "C53", "basket": [{"product_id": "P64", "price": 642}, {"product_id": "P64", "price": 426}, {"product_id": "P62", "price": 508}], "date_of_purchase": "2019-01-21 14:13:00"}
{"customer_id": "C68", "basket": [{"product_id": "P38", "price": 1357}, {"product_id": "P39", "price": 1160}], "date_of_purchase": "2019-01-21 19:18:00"}
{"customer_id": "C69", "basket": [{"product_id": "P22", "price": 1754}, {"product_id": "P26", "price": 1056}, {"product_id": "P24", "price": 280}], "date_of_purchase": "2019-01-21 22:20:00"}
{"customer_id": "C77", "basket": [{"product_id": "P39", "price": 1461}], "date_of_purchase": "2019-01-21 10:10:00"}
{"customer_id": "C82", "basket": [{"product_id": "P54", "price": 1390}, {"product_id": "P42", "price": 1875}], "date_of_purchase": "2019-01-21 22:38:00"}
{"customer_id": "C93", "basket": [{"product_id": "P50", "price": 315}, {"product_id": "P51", "price": 1544}, {"product_id": "P60", "price": 1834}], "date_of_purchase": "2019-01-21 13:22:00"}
{"customer_id": "C100", "basket": [{"product_id": "P25", "price": 833}, {"product_id": "P28", "price": 887}, {"product_id": "P27", "price": 833}], "date_of_purchase": "2019-01-21 17:49:00"}
{"customer_id": "C102", "basket": [{"product_id": "P08", "price": 1999}, {"product_id": "P07", "price": 1100}], "date_of_purchase": "2019-01-21 19:05:00"}
{"customer_id": "C120", "basket": [{"product_id": "P31", "price": 520}, {"product_id": "P33", "price": 1649}, {"product_id": "P32", "price": 1909}], "date_of_purchase": "2019-01-21 08:38:00"}
{"customer_id": "C137", "basket": [{"product_id": "P24", "price": 1252}, {"product_id": "P29", "price": 209}, {"product_id": "P23", "price": 42}], "date_of_purchase": "2019-01-21 05:16:00"}
