{"customer_id": "C2", "basket": [{"product_id": "P32", "price": 1326}, {"product_id": "P33", "price": 200}, {"product_id": "P28", "price": 625}], "date_of_purchase": "2019-02-18 20:58:00"}
{"customer_id": "C9", "basket": [{"product_id": "P44", "price": 1170}, {"product_id": "P41", "price": 899}, {"product_id": "P44", "price": 1201}], "date_of_purchase": "2019-02-18 04:34:00"}
{"customer_id": "C12", "basket": [{"product_id": "P31", "price": 1320}], "date_of_purchase": "2019-02-18 18:12:00"}
{"customer_id": "C13", "basket": [{"product_id": "P38", "price": 1917}], "date_of_purchase": "2019-02-18 08:22:00"}
{"customer_id": "C21", "basket": [{"product_id": "P28", "price": 273}], "date_of_purchase": "2019-02-18 19:21:00"}
{"customer_id": "C28", "basket": [{"product_id": "P21", "price": 843}, {"product_id": "P21", "price": 1365}], "date_of_purchase": "2019-02-18 17:59:00"}
{"customer_id": "C31", "basket": [{"product_id": "P41", "price": 284}, {"product_id": "P55", "price": 484}], "date_of_purchase": "2019-02-18 02:54:00"}
{"customer_id": "C38", "basket": [{"product_id": "P37", "price": 1836}], "date_of_purchase": "2019-02-18 03:03:00"}
{"customer_id": "C41", "basket": [{"product_id": "P45", "price": 944}, {"product_id": "P58", "price": 1170}, {"product_id": "P44", "price": 671}], "date_of_purchase": "2019-02-18 06:11:00"}
{"customer_id": "C56", "basket": [{"product_id": "P38", "price": 212}], "date_of_purchase": "2019-02-18 13:23:00"}
{"customer_id": "C60", "basket": [{"product_id": "P27", "price": 1620}, {"product_id": "P26", "price": 1272}, {"product_id": "P25", "price": 1695}], "date_of_purchase": "2019-02-18 22:31:00"}
{"customer_id": "C63", "basket": [{"product_id": "P09", "price": 326}], "date_of_purchase": "2019-02-18 09:04:00"}
{"customer_id": "C64", "basket": [{"product_id": "P29", "price": 45}, {"product_id": "P29", "price": 1808}], "date_of_purchase": "2019-02-18 08:50:00"}
{"customer_id": "C70", "basket": [{"product_id": "P28", "price": 1897}, {"product_id": "P23", "price": 1311}, {"product_id": "P29", "price": 1193}], "date_of_purchase": "2019-02-18 15:55:00"}
{"customer_id": "C79", "basket": [{"product_id": "P44", "price": 494}], "date_of_purchase": "2019-02-18 17:54:00"}
{"customer_id": "C91", "basket": [{"product_id": "P37", "price": 1030}, {"product_id": "P38", "price": 1893}], "date_of_purchase": "2019-02-18 09:25:00"}
{"customer_id": "C102", "basket": [{"product_id": "P51", "price": 1799}, {"product_id": "P52", "price": 754}, {"product_id": "P52", "price": 871}], "date_of_purchase": "2019-02-18 14:58:00"}
{"customer_id": "C103", "basket": [{"product_id": "P49", "price": 1002}], "date_of_purchase": "2019-02-18 18:28:00"}
{"customer_id": "C106", "basket": [{"product_id": "P31", "price": 1319}, {"product_id": "P24", "price": 31}, {"product_id": "P27", "price": 1414}], "date_of_purchase": "2019-02-18 10:00:00"}
{"customer_id": "C120", "basket": [{"product_id": "P29", "price": 875}, {"product_id": "P27", "price": 119}, {"product_id": "P28", "price": 1388}], "date_of_purchase": "2019-02-18 06:51:00"}
{"customer_id": "C126", "basket": [{"product_id": "P54", "price": 228}], "date_of_purchase": "2019-02-18 09:36:00"}
{"customer_id": "C130", "basket": [{"product_id": "P64", "price": 1051}, {"product_id": "P62", "price": 78}, {"product_id": "P63", "price": 169}], "date_of_purchase": "2019-02-18 08:14:00"}
