{"customer_id": "C11", "basket": [{"product_id": "P33", "price": 129}, {"product_id": "P34", "price": 334}, {"product_id": "P26", "price": 1811}], "date_of_purchase": "2018-12-21 06:00:00"}
{"customer_id": "C13", "basket": [{"product_id": "P37", "price": 1092}, {"product_id": "P37", "price": 433}], "date_of_purchase": "2018-12-21 17:12:00"}
{"customer_id": "C21", "basket": [{"product_id": "P18", "price": 1131}, {"product_id": "P14", "price": 1772}], "date_of_purchase": "2018-12-21 20:34:00"}
{"customer_id": "C30", "basket": [{"product_id": "P43", "price": 1760}], "date_of_purchase": "2018-12-21 15:19:00"}
{"customer_id": "C34", "basket": [{"product_id": "P25", "price": 1743}, {"product_id": "P25", "price": 1588}], "date_of_purchase": "2018-12-21 19:05:00"}
{"customer_id": "C38", "basket": [{"product_id": "P35", "price": 1722}], "date_of_purchase": "2018-12-21 08:29:00"}
{"customer_id": "C47", "basket": [{"product_id": "P51", "price": 1206}, {"product_id": "P49", "price": 878}], "date_of_purchase": "2018-12-21 04:27:00"}
{"customer_id": "C57", "basket": [{"product_id": "P36", "price": 1869}], "date_of_purchase": "2018-12-21 15:28:00"}
{"customer_id": "C65", "basket": [{"product_id": "P34", "price": 985}, {"product_id": "P27", "price": 1211}], "date_of_purchase": "2018-12-21 15:41:00"}
{"customer_id": "C67", "basket": [{"product_id": "P51", "price": 1905}], "date_of_purchase": "2018-12-21 09:41:00"}
{"customer_id": "C84", "basket": [{"product_id": "P60", "price": 1008}, {"product_id": "P57", "price": 1200}, {"product_id": "P57", "price": 1438}], "date_of_purchase": "2018-12-21 11:18:00"}
{"customer_id": "C89", "basket": [{"product_id": "P24", "price": 1536}, {"product_id": "P33", "price": 1838}], "date_of_purchase": "2018-12-21 23:44:00"}
{"customer_id": "C90", "basket": [{"product_id": "P38", "price": 1182}], "date_of_purchase": "2018-12-21 13:32:00"}
{"customer_id": "C97", "basket": [{"product_id": "P36", "price": 170}, {"product_id": "P37", "price": 1250}, {"product_id": "P39", "price": 723}], "date_of_purchase": "2018-12-21 22:55:00"}
{"customer_id": "C99", "basket": [{"product_id": "P23", "price": 1459}], "date_of_purchase": "2018-12-21 23:54:00"}
{"customer_id": "C116", "basket": [{"product_id": "P26", "price": 1513}], "date_of_purchase": "2018-12-21 13:52:00"}
{"customer_id": "C119", "basket": [{"product_id": "P40", "price": 346}, {"product_id": "P35", "price": 1382}], "date_of_purchase": "2018-12-21 23:57:00"}
{"customer_id": "C120", "basket": [{"product_id": "P26", "price": 1023}, {"product_id": "P28", "price": 973}, {"product_id": "P28", "price": 1905}], "date_of_purchase": "2018-12-21 17:05:00"}
{"customer_id": "C123", "basket": [{"product_id": "P64", "price": 1146}, {"product_id": "P63", "price": 1886}, {"product_id": "P64", "price": 208}], "date_of_purchase": "2018-12-21 19:43:00"}
{"customer_id": "C129", "basket": [{"product_id": "P11", "price": 1327}], "date_of_purchase": "2018-12-21 12:58:00"}
{"customer_id": "C132", "basket": [{"product_id": "P33", "price": 1987}], "date_of_purchase": "2018-12-21 11:28:00"}
{"customer_id": "C133", "basket": [{"product_id": "P42", "price": 1154}, {"product_id": "P56", "price": 456}], "date_of_purchase": "2018-12-21 13:46:00"}
{"customer_id": "C137", "basket": [{"product_id": "P24", "price": 1562}, {"product_id": "P23", "price": 15}, {"product_id": "P34", "price": 1507}], "date_of_purchase": "2018-12-21 10:41:00"}
