{"customer_id": "C15", "basket": [{"product_id": "P63", "price": 492}, {"product_id": "P64", "price": 1757}], "date_of_purchase": "2019-01-04 23:22:00"}
{"customer_id": "C18", "basket": [{"product_id": "P18", "price": 224}, {"product_id": "P17", "price": 1588}], "date_of_purchase": "2019-01-04 09:52:00"}
{"customer_id": "C28", "basket": [{"product_id": "P25", "price": 1236}, {"product_id": "P24", "price": 1951}, {"product_id": "P23", "price": 1717}], "date_of_purchase": "2019-01-04 02:58:00"}
{"customer_id": "C31", "basket": [{"product_id": "P63", "price": 1587}, {"product_id": "P62", "price": 442}, {"product_id": "P61", "price": 967}], "date_of_purchase": "2019-01-04 23:07:00"}
{"customer_id": "C32", "basket": [{"product_id": "P55", "price": 1124}, {"product_id": "P54", "price": 1912}, {"product_id": "P48", "price": 419}], "date_of_purchase": "2019-01-04 02:52:00"}
{"customer_id": "C34", "basket": [{"product_id": "P31", "price": 220}], "date_of_purchase": "2019-01-04 21:50:00"}
{"customer_id": "C35", "basket": [{"product_id": "P35", "price": 1771}], "date_of_purchase": "2019-01-04 08:41:00"}
{"customer_id": "C42", "basket": [{"product_id": "P31", "price": 1975}, {"product_id": "P22", "price": 697}, {"product_id": "P28", "price": 796}], "date_of_purchase": "2019-01-04 13:34:00"}
{"customer_id": "C55", "basket": [{"product_id": "P13", "price": 297}, {"product_id": "P20", "price": 49}, {"product_id": "P16", "price": 1724}], "date_of_purchase": "2019-01-04 21:15:00"}
{"customer_id": "C56", "basket": [{"product_id": "P40", "price": 389}, {"product_id": "P40", "price": 1551}], "date_of_purchase": "2019-01-04 07:21:00"}
{"customer_id": "C64", "basket": [{"product_id": "P16", "price": 1476}, {"product_id": "P20", "price": 1754}], "date_of_purchase": "2019-01-04 17:34:00"}
{"customer_id": "C66", "basket": [{"product_id": "P45", "price": 135}, {"product_id": "P46", "price": 1058}], "date_of_purchase": "2019-01-04 20:39:00"}
{"customer_id": "C68", "basket": [{"product_id": "P27", "price": 710}, {"product_id": "P22", "price": 1067}], "date_of_purchase": "2019-01-04 18:08:00"}
{"customer_id": "C73", "basket": [{"product_id": "P60", "price": 279}, {"product_id": "P59", "price": 904}], "date_of_purchase": "2019-01-04 12:37:00"}
{"customer_id": "C87", "basket": [{"product_id": "P08", "price": 1953}], "date_of_purchase": "2019-01-04 23:45:00"}
{"customer_id": "C102", "basket": [{"product_id": "P48", "price": 534}], "date_of_purchase": "2019-01-04 04:16:00"}
{"customer_id": "C116", "basket": [{"product_id": "P05", "price": 711}, {"product_id": "P03", "price": 1874}, {"product_id": "P12", "price": 682}], "date_of_purchase": "2019-01-04 14:04:00"}
{"customer_id": "C117", "basket": [{"product_id": "P64", "price": 1912}], "date_of_purchase": "2019-01-04 15:06:00"}
{"customer_id": "C120", "basket": [{"product_id": "P24", "price": 1246}, {"product_id": "P31", "price": 1089}], "date_of_purchase": "2019-01-04 14:44:00"}
{"customer_id": "C127", "basket": [{"product_id": "P45", "price": 1390}, {"product_id": "P42", "price": 256}], "date_of_purchase": "2019-01-04 20:46:00"}
{"customer_id": "C129", "basket": [{"product_id": "P04", "price": 1294}], "date_of_purchase": "2019-01-04 05:01:00"}
