{"customer_id": "C9", "basket": [{"product_id": "P46", "price": 185}, {"product_id": "P42", "price": 96}, {"product_id": "P58", "price": 838}], "date_of_purchase": "2019-02-27 18:50:00"}
{"customer_id": "C14", "basket": [{"product_id": "P02", "price": 937}], "date_of_purchase": "2019-02-27 07:27:00"}
{"customer_id": "C20", "basket": [{"product_id": "P01", "price": 1512}, {"product_id": "P02", "price": 1206}], "date_of_purchase": "2019-02-27 08:20:00"}
{"customer_id": "C34", "basket": [{"product_id": "P61", "price": 1546}], "date_of_purchase": "2019-02-27 20:05:00"}
{"customer_id": "C40", "basket": [{"product_id": "P63", "price": 1137}], "date_of_purchase": "2019-02-27 18:49:00"}
{"customer_id": "C48", "basket": [{"product_id": "P27", "price": 1689}], "date_of_purchase": "2019-02-27 22:31:00"}
{"customer_id": "C51", "basket": [{"product_id": "P39", "price": 1605}, {"product_id": "P37", "price": 1124}], "date_of_purchase": "2019-02-27 21:17:00"}
{"customer_id": "C66", "basket": [{"product_id": "P38", "price": 478}, {"product_id": "P40", "price": 649}], "date_of_purchase": "2019-02-27 10:19:00"}
{"customer_id": "C75", "basket": [{"product_id": "P61", "price": 780}], "date_of_purchase": "2019-02-27 18:23:00"}
{"customer_id": "C76", "basket": [{"product_id": "P44", "price": 455}, {"product_id": "P56", "price": 1272}, {"product_id": "P58", "price": 396}], "date_of_purchase": "2019-02-27 16:49:00"}
{"customer_id": "C84", "basket": [{"product_id": "P26", "price": 977}, {"product_id": "P33", "price": 452}, {"product_id": "P31", "price": 926}], "date_of_purchase": "2019-02-27 23:52:00"}
{"customer_id": "C86", "basket": [{"product_id": "P49", "price": 782}, {"product_id": "P51", "price": 1739}], "date_of_purchase": "2019-02-27 04:13:00"}
{"customer_id": "C87", "basket": [{"product_id": "P07", "price": 1086}], "date_of_purchase": "2019-02-27 05:12:00"}
{"customer_id": "C89", "basket": [{"product_id": "P22", "price": 25}, {"product_id": "P28", "price": 1874}, {"product_id": "P29", "price": 105}], "date_of_purchase": "2019-02-27 11:52:00"}
{"customer_id": "C92", "basket": [{"product_id": "P64", "price": 1303}], "date_of_purchase": "2019-02-27 14:44:00"}
{"customer_id": "C98", "basket": [{"product_id": "P35", "price": 278}, {"product_id": "P36", "price": 1266}], "date_of_purchase": "2019-02-27 23:17:00"}
{"customer_id": "C100", "basket": [{"product_id": "P31", "price": 568}, {"product_id": "P23", "price": 145}, {"product_id": "P33", "price": 1327}], "date_of_purchase": "2019-02-27 09:34:00"}
{"customer_id": "C104", "basket": [{"product_id": "P13", "price": 1803}, {"product_id": "P13", "price": 654}, {"product_id": "P19", "price": 252}], "date_of_purchase": "2019-02-27 16:44:00"}
{"customer_id": "C106", "basket": [{"product_id": "P43", "price": 739}], "date_of_purchase": "2019-02-27 18:54:00"}
{"customer_id": "C113", "basket": [{"product_id": "P22", "price": 1767}, {"product_id": "P30", "price": 1095}], "date_of_purchase": "2019-02-27 06:58:00"}
{"customer_id": "C123", "basket": [{"product_id": "P41", "price": 188}, {"product_id": "P52", "price": 1855}], "date_of_purchase": "2019-02-27 14:48:00"}
{"customer_id": "C125", "basket": [{"product_id": "P01", "price": 1841}], "date_of_purchase": "2019-02-27 17:29:00"}
{"customer_id": "C126", "basket": [{"product_id": "P38", "price": 531}, {"product_id": "P36", "price": 1759}], "date_of_purchase": "2019-02-27 07:47:00"}
