{"customer_id": "C7", "basket": [{"product_id": "P36", "price": 597}, {"product_id": "P37", "price": 689}, {"product_id": "P35", "price": 351}], "date_of_purchase": "2018-12-08 19:30:00"}
{"customer_id": "C10", "basket": [{"product_id": "P33", "price": 1846}, {"product_id": "P23", "price": 520}, {"product_id": "P25", "price": 1615}], "date_of_purchase": "2018-12-08 06:26:00"}
{"customer_id": "C12", "basket": [{"product_id": "P27", "price": 693}, {"product_id": "P32", "price": 1604}, {"product_id": "P33", "price": 566}], "date_of_purchase": "2018-12-08 07:53:00"}
{"customer_id": "C44", "basket": [{"product_id": "P36", "price": 1435}, {"product_id": "P37", "price": 100}], "date_of_purchase": "2018-12-08 13:45:00"}
{"customer_id": "C47", "basket": [{"product_id": "P54", "price": 1174}, {"product_id": "P54", "price": 1734}], "date_of_purchase": "2018-12-08 03:23:00"}
{"customer_id": "C53", "basket": [{"product_id": "P40", "price": 240}, {"product_id": "P35", "price": 1671}], "date_of_purchase": "2018-12-08 12:44:00"}
{"customer_id": "C55", "basket": [{"product_id": "P16", "price": 12}, {"product_id": "P17", "price": 734}], "date_of_purchase": "2018-12-08 23:15:00"}
{"customer_id": "C56", "basket": [{"product_id": "P04", "price": 810}, {"product_id": "P07", "price": 783}, {"product_id": "P06", "price": 1377}], "date_of_purchase": "2018-12-08 13:25:00"}
{"customer_id": "C59", "basket": [{"product_id": "P49", "price": 1776}, {"product_id": "P51", "price": 1282}], "date_of_purchase": "2018-12-08 22:57:00"}
{"customer_id": "C66", "basket": [{"product_id": "P55", "price": 1793}], "date_of_purchase": "2018-12-08 22:50:00"}
{"customer_id": "C73", "basket": [{"product_id": "P06", "price": 381}, {"product_id": "P04", "price": 237}, {"product_id": "P11", "price": 1029}], "date_of_purchase": "2018-12-08 15:00:00"}
{"customer_id": "C79", "basket": [{"product_id": "P63", "price": 55}, {"product_id": "P61", "price": 1504}, {"product_id": "P63", "price": 1125}], "date_of_purchase": "2018-12-08 18:57:00"}
{"customer_id": "C88", "basket": [{"product_id": "P40", "price": 1436}], "date_of_purchase": "2018-12-08 23:59:00"}
{"customer_id": "C95", "basket": [{"product_id": "P22", "price": 14}, {"product_id": "P30", "price": 827}], "date_of_purchase": "2018-12-08 04:03:00"}
{"customer_id": "C99", "basket": [{"product_id": "P25", "price": 326}, {"product_id": "P29", "price": 938}, {"product_id": "P23", "price": 1061}], "date_of_purchase": "2018-12-08 21:06:00"}
{"customer_id": "C103", "basket": [{"product_id": "P20", "price": 1521}], "date_of_purchase": "2018-12-08 18:09:00"}
{"customer_id": "C105", "basket": [{"product_id": "P49", "price": 1839}, {"product_id": "P52", "price": 107}, {"product_id": "P54", "price": 1185}], "date_of_purchase": "2018-12-08 05:29:00"}
{"customer_id": "C108", "basket": [{"product_id": "P39", "price": 181}], "date_of_purchase": "2018-12-08 10:31:00"}
{"customer_id": "C114", "basket": [{"product_id": "P46", "price": 1919}, {"product_id": "P45", "price": 886}, {"product_id": "P56", "price": 824}], "date_of_purchase": "2018-12-08 10:14:00"}
{"customer_id": "C116", "basket": [{"product_id": "P08", "price": 256}, {"product_id": "P06", "price": 400}], "date_of_purchase": "2018-12-08 09:56:00"}
{"customer_id": "C117", "basket": [{"product_id": "P63", "price": 1804}, {"product_id": "P62", "price": 598}], "date_of_purchase": "2018-12-08 08:09:00"}
{"customer_id": "C120", "basket": [{"product_id": "P39", "price": 569}, {"product_id": "P39", "price": 448}, {"product_id": "P39", "price": 1546}], "date_of_purchase": "2018-12-08 08:30:00"}
{"customer_id": "C133", "basket": [{"product_id": "P42", "price": 1379}, {"product_id": "P42", "price": 644}], "date_of_purchase": "2018-12-08 21:53:00"}
