{"customer_id": "C12", "basket": [{"product_id": "P30", "price": 1541}, {"product_id": "P24", "price": 1839}, {"product_id": "P22", "price": 1330}], "date_of_purchase": "2018-12-09 18:55:00"}
{"customer_id": "C18", "basket": [{"product_id": "P40", "price": 1672}], "date_of_purchase": "2018-12-09 07:02:00"}
{"customer_id": "C23", "basket": [{"product_id": "P28", "price": 402}, {"product_id": "P28", "price": 373}], "date_of_purchase": "2018-12-09 22:13:00"}
{"customer_id": "C28", "basket": [{"product_id": "P13", "price": 1207}, {"product_id": "P14", "price": 1013}, {"product_id": "P14", "price": 1685}], "date_of_purchase": "2018-12-09 05:59:00"}
{"customer_id": "C30", "basket": [{"product_id": "P34", "price": 1793}, {"product_id": "P30", "price": 1122}, {"product_id": "P24", "price": 1513}], "date_of_purchase": "2018-12-09 18:26:00"}
{"customer_id": "C34", "basket": [{"product_id": "P26", "price": 1675}], "date_of_purchase": "2018-12-09 23:14:00"}
{"customer_id": "C51", "basket": [{"product_id": "P38", "price": 1655}, {"product_id": "P40", "price": 488}], "date_of_purchase": "2018-12-09 21:39:00"}
{"customer_id": "C55", "basket": [{"product_id": "P25", "price": 1630}, {"product_id": "P22", "price": 1313}, {"product_id": "P28", "price": 1914}], "date_of_purchase": "2018-12-09 14:31:00"}
{"customer_id": "C69", "basket": [{"product_id": "P31", "price": 835}], "date_of_purchase": "2018-12-09 19:52:00"}
{"customer_id": "C76", "basket": [{"product_id": "P34", "price": 1930}, {"product_id": "P23", "price": 687}, {"product_id": "P24", "price": 1649}], "date_of_purchase": "2018-12-09 16:15:00"}
{"customer_id": "C77", "basket": [{"product_id": "P36", "price": 510}, {"product_id": "P40", "price": 748}], "date_of_purchase": "2018-12-09 17:18:00"}
{"customer_id": "C79", "basket": [{"product_id": "P40", "price": 1768}], "date_of_purchase": "2018-12-09 15:53:00"}
{"customer_id": "C80", "basket": [{"product_id": "P39", "price": 346}], "date_of_purchase": "2018-12-09 05:18:00"}
{"customer_id": "C83", "basket": [{"product_id": "P19", "price": 231}, {"product_id": "P21", "price": 356}], "date_of_purchase": "2018-12-09 13:05:00"}
{"customer_id": "C84", "basket": [{"product_id": "P64", "price": 986}, {"product_id": "P62", "price": 940}], "date_of_purchase": "2018-12-09 15:56:00"}
{"customer_id": "C89", "basket": [{"product_id": "P40", "price": 282}, {"product_id": "P36", "price": 712}, {"product_id": "P36", "price": 1608}], "date_of_purchase": "2018-12-09 11:55:00"}
{"customer_id": "C93", "basket": [{"product_id": "P51", "price": 1818}, {"product_id": "P55", "price": 547}], "date_of_purchase": "2018-12-09 04:31:00"}
{"customer_id": "C118", "basket": [{"product_id": "P43", "price": 107}, {"product_id": "P47", "price": 947}, {"product_id": "P57", "price": 937}], "date_of_purchase": "2018-12-09 08:52:00"}
{"customer_id": "C129", "basket": [{"product_id": "P02", "price": 636}, {"product_id": "P07", "price": 1509}, {"product_id": "P06", "price": 1400}], "date_of_purchase": "2018-12-09 06:44:00"}
{"customer_id": "C135", "basket": [{"product_id": "P43", "price": 1493}, {"product_id": "P53", "price": 1780}], "date_of_purchase": "2018-12-09 14:30:00"}
{"customer_id": "C136", "basket": [{"product_id": "P01", "price": 34}], "date_of_purchase": "2018-12-09 04:54:00"}
{"customer_id": "C137", "basket": [{"product_id": "P62", "price": 1685}, {"product_id": "P61", "price": 1829}], "date_of_purchase": "2018-12-09 19:43:00"}
