{"customer_id": "C4", "basket": [{"product_id": "P37", "price": 225}, {"product_id": "P36", "price": 371}, {"product_id": "P38", "price": 295}], "date_of_purchase": "2019-02-15 07:24:00"}
{"customer_id": "C9", "basket": [{"product_id": "P04", "price": 1642}], "date_of_purchase": "2019-02-15 03:49:00"}
{"customer_id": "C12", "basket": [{"product_id": "P27", "price": 431}, {"product_id": "P31", "price": 1689}, {"product_id": "P29", "price": 1920}], "date_of_purchase": "2019-02-15 13:11:00"}
{"customer_id": "C17", "basket": [{"product_id": "P45", "price": 1199}], "date_of_purchase": "2019-02-15 03:30:00"}
{"customer_id": "C20", "basket": [{"product_id": "P55", "price": 1235}], "date_of_purchase": "2019-02-15 15:27:00"}
{"customer_id": "C21", "basket": [{"product_id": "P02", "price": 47}], "date_of_purchase": "2019-02-15 23:56:00"}
{"customer_id": "C25", "basket": [{"product_id": "P41", "price": 1768}], "date_of_purchase": "2019-02-15 08:11:00"}
{"customer_id": "C26", "basket": [{"product_id": "P49", "price": 1869}, {"product_id": "P56", "price": 1938}, {"product_id": "P45", "price": 234}], "date_of_purchase": "2019-02-15 12:59:00"}
{"customer_id": "C27", "basket": [{"product_id": "P45", "price": 1393}, {"product_id": "P42", "price": 545}, {"product_id": "P60", "price": 1339}], "date_of_purchase": "2019-02-15 14:40:00"}
{"customer_id": "C37", "basket": [{"product_id": "P63", "price": 672}], "date_of_purchase": "2019-02-15 04:11:00"}
{"customer_id": "C38", "basket": [{"product_id": "P35", "price": 1669}, {"product_id": "P40", "price": 1220}, {"product_id": "P38", "price": 524}], "date_of_purchase": "2019-02-15 04:57:00"}
{"customer_id": "C39", "basket": [{"product_id": "P62", "price": 104}, {"product_id": "P62", "price": 1035}], "date_of_purchase": "2019-02-15 12:55:00"}
{"customer_id": "C43", "basket": [{"product_id": "P17", "price": 1288}, {"product_id": "P19", "price": 50}, {"product_id": "P13", "price": 1143}], "date_of_purchase": "2019-02-15 17:28:00"}
{"customer_id": "C46", "basket": [{"product_id": "P27", "price": 230}, {"product_id": "P31", "price": 182}], "date_of_purchase": "2019-02-15 23:55:00"}
{"customer_id": "C49", "basket": [{"product_id": "P35", "price": 319}, {"product_id": "P35", "price": 363}], "date_of_purchase": "2019-02-15 19:30:00"}
{"customer_id": "C53", "basket": [{"product_id": "P62", "price": 1341}, {"product_id": "P63", "price": 7}], "date_of_purchase": "2019-02-15 03:44:00"}
{"customer_id": "C59", "basket": [{"product_id": "P55", "price": 1021}], "date_of_purchase": "2019-02-15 04:34:00"}
{"customer_id": "C62", "basket": [{"product_id": "P28", "price": 594}, {"product_id": "P29", "price": 1344}], "date_of_purchase": "2019-02-15 15:43:00"}
{"customer_id": "C65", "basket": [{"product_id": "P19", "price": 1582}, {"product_id": "P21", "price": 176}, {"product_id": "P21", "price": 891}], "date_of_purchase": "2019-02-15 04:00:00"}
{"customer_id": "C96", "basket": [{"product_id": "P27", "price": 105}, {"product_id": "P24", "price": 749}], "date_of_purchase": "2019-02-15 02:51:00"}
{"customer_id": "C98", "basket": [{"product_id": "P37", "price": 1925}, {"product_id": "P37", "price": 1609}], "date_of_purchase": "2019-02-15 05:59:00"}
{"customer_id": "C101", "basket": [{"product_id": "P07", "price": 323}, {"product_id": "P08", "price": 84}, {"product_id": "P02", "price": 1675}], "date_of_purchase": "2019-02-15 03:38:00"}
{"customer_id": "C104", "basket": [{"product_id": "P13", "price": 767}, {"product_id": "P13", "price": 1340}, {"product_id": "P18", "price": 1797}], "date_of_purchase": "2019-02-15 09:38:00"}
{"customer_id": "C110", "basket": [{"product_id": "P02", "price": 223}, {"product_id": "P04", "price": 319}], "date_of_purchase": "2019-02-15 03:33:00"}
{"customer_id": "C112", "basket": [{"product_id": "P10", "price": 1766}, {"product_id": "P06", "price": 383}, {"product_id": "P03", "price": 440}], "date_of_purchase": "2019-02-15 19:55:00"}
{"customer_id": "C113", "basket": [{"product_id": "P27", "price": 1506}], "date_of_purchase": "2019-02-15 09:32:00"}
{"customer_id": "C118", "basket": [{"product_id": "P35", "price": 503}, {"product_id": "P38", "price": 1993}], "date_of_purchase": "2019-02-15 04:07:00"}
{"customer_id": "C119", "basket": [{"product_id": "P34", "price": 692}], "date_of_purchase": "2019-02-15 14:02:00"}
{"customer_id": "C124", "basket": [{"product_id": "P41", "price": 1230}], "date_of_purchase": "2019-02-15 02:54:00"}
{"customer_id": "C125", "basket": [{"product_id": "P35", "price": 1412}], "date_of_purchase": "2019-02-15 22:59:00"}
{"customer_id": "C126", "basket": [{"product_id": "P40", "price": 925}, {"product_id": "P35", "price": 191}], "date_of_purchase": "2019-02-15 22:49:00"}
{"customer_id": "C127", "basket": [{"product_id": "P43", "price": 783}, {"product_id": "P46", "price": 1243}, {"product_id": "P49", "price": 930}], "date_of_purchase": "2019-02-15 13:28:00"}
{"customer_id": "C130", "basket": [{"product_id": "P28", "price": 153}, {"product_id": "P25", "price": 481}], "date_of_purchase": "2019-02-15 11:03:00"}
